ID,Club,Fixed_Name,Search_Name,Club_URL,Crest_URL
0,SSV Jahn Regensburg,SSV Jahn Regensburg,SSV_Jahn_Regensburg,,https://upload.wikimedia.org/wikipedia/commons/thumb/3/3d/Jahn_Regensburg_logo2014.svg/250px-Jahn_Regensburg_logo2014.svg.png
1,1. FC Heidenheim,1. FC Heidenheim,1._FC_Heidenheim,,https://upload.wikimedia.org/wikipedia/commons/thumb/9/9d/1._FC_Heidenheim_1846.svg/250px-1._FC_Heidenheim_1846.svg.png
2,1. FC Kaiserslautern,1. FC Kaiserslautern,1._FC_Kaiserslautern,,https://upload.wikimedia.org/wikipedia/commons/thumb/d/d3/Logo_1_FC_Kaiserslautern.svg/250px-Logo_1_FC_Kaiserslautern.svg.png
3,1. FC Köln,1. FC Köln,1._FC_Köln,,https://upload.wikimedia.org/wikipedia/commons/thumb/0/01/1._FC_Koeln_Logo_2014%E2%80%93.svg/250px-1._FC_Koeln_Logo_2014%E2%80%93.svg.png
4,1. FC Magdeburg,1. FC Magdeburg,1._FC_Magdeburg,,https://upload.wikimedia.org/wikipedia/commons/thumb/8/84/1._FC_Magdeburg.svg/250px-1._FC_Magdeburg.svg.png
5,1. FC Nürnberg,1. FC Nürnberg,1._FC_Nürnberg,,https://upload.wikimedia.org/wikipedia/commons/thumb/f/fa/1._FC_N%C3%BCrnberg_logo.svg/250px-1._FC_N%C3%BCrnberg_logo.svg.png
6,1. FC Union Berlin,1. FC Union Berlin,1._FC_Union_Berlin,,https://upload.wikimedia.org/wikipedia/commons/thumb/4/44/1._FC_Union_Berlin_Logo.svg/330px-1._FC_Union_Berlin_Logo.svg.png
7,1. FSV Mainz 05,1. FSV Mainz 05,1._FSV_Mainz_05,,https://upload.wikimedia.org/wikipedia/commons/thumb/1/1b/1._FSV_Mainz_05_logo.svg/250px-1._FSV_Mainz_05_logo.svg.png
8,AC Ajaccio,AC Ajaccio,AC_Ajaccio,,https://upload.wikimedia.org/wikipedia/en/thumb/1/1f/AC_Ajaccio_logo.svg/250px-AC_Ajaccio_logo.svg.png
9,AC Horsens,AC Horsens,AC_Horsens,,https://upload.wikimedia.org/wikipedia/en/thumb/7/7a/AC_Horsens_logo_2017.svg/250px-AC_Horsens_logo_2017.svg.png
10,AD Alcorcón,AD Alcorcón,AD_Alcorcón,,https://upload.wikimedia.org/wikipedia/en/thumb/2/28/AD_Alcorc%C3%B3n_logo.svg/250px-AD_Alcorc%C3%B3n_logo.svg.png
11,ADO Den Haag,ADO Den Haag,ADO_Den_Haag,,https://upload.wikimedia.org/wikipedia/en/thumb/a/ad/ADO_Den_Haag_logo.svg/500px-ADO_Den_Haag_logo.svg.png
12,AEK Athens,AEK Athens F.C.,AEK_Athens_F.C.,,https://upload.wikimedia.org/wikipedia/en/thumb/0/04/AEK_Athens_FC_logo.svg/250px-AEK_Athens_FC_logo.svg.png
13,AFC Eskilstuna,AFC Eskilstuna,AFC_Eskilstuna,,https://upload.wikimedia.org/wikipedia/en/thumb/8/88/AFC_Eskilstuna_logo.svg/250px-AFC_Eskilstuna_logo.svg.png
14,AFC Wimbledon,AFC Wimbledon,AFC_Wimbledon,,https://upload.wikimedia.org/wikipedia/en/thumb/1/1b/AFC_Wimbledon_%282020%29_logo.svg/250px-AFC_Wimbledon_%282020%29_logo.svg.png
15,AIK Solna,AIK Fotboll,AIK_Fotball,,https://upload.wikimedia.org/wikipedia/en/thumb/8/81/AIK_Fotboll_%28shield%29.svg/500px-AIK_Fotboll_%28shield%29.svg.png
16,AJ Auxerre,AJ Auxerre,AJ_Auxerre,,https://upload.wikimedia.org/wikipedia/en/thumb/5/51/AJAuxerreLogo.svg/250px-AJAuxerreLogo.svg.png
17,AS Monaco,AS Monaco FC,AS_Monaco_FC,,https://upload.wikimedia.org/wikipedia/en/thumb/c/cf/LogoASMonacoFC2021.svg/250px-LogoASMonacoFC2021.svg.png
18,AS Nancy Lorraine,AS Nancy Lorraine,AS_Nancy_Lorraine,,https://upload.wikimedia.org/wikipedia/en/thumb/4/4d/AS_Nancy_logo.svg/250px-AS_Nancy_logo.svg.png
19,AS Saint-Étienne,AS Saint-Étienne,AS_Saint-Étienne,,https://upload.wikimedia.org/wikipedia/en/thumb/2/25/AS_Saint-%C3%89tienne_logo.svg/250px-AS_Saint-%C3%89tienne_logo.svg.png
20,AZ Alkmaar,AZ Alkmaar,AZ_Alkmaar,,https://upload.wikimedia.org/wikipedia/commons/thumb/e/e0/AZ_Alkmaar.svg/250px-AZ_Alkmaar.svg.png
21,Aalborg BK,AaB Fodbold,AaB_Fodbold,,https://upload.wikimedia.org/wikipedia/commons/thumb/c/c1/Aalborg_Boldspilklub_%28logo%29.svg/250px-Aalborg_Boldspilklub_%28logo%29.svg.png
22,Aalesunds FK,Aalesunds FK,Aalesunds_FK,,https://upload.wikimedia.org/wikipedia/en/thumb/b/b2/Aalesunds_FK_logo.svg/250px-Aalesunds_FK_logo.svg.png
23,Aarhus GF,Aarhus Gymnastikforening,Aarhus_Gymnastikforening,,https://upload.wikimedia.org/wikipedia/en/thumb/a/ac/AGF_Aarhus_logo.svg/250px-AGF_Aarhus_logo.svg.png
24,Aberdeen,Aberdeen F.C.,Aberdeen_F.C.,,https://upload.wikimedia.org/wikipedia/en/thumb/f/fb/Aberdeen_FC_stars_crest.svg/250px-Aberdeen_FC_stars_crest.svg.png
25,Accrington Stanley,Accrington Stanley F.C.,Accrington_Stanley_F.C.,,https://upload.wikimedia.org/wikipedia/en/thumb/b/ba/Accrington_Stanley_F.C._logo.svg/250px-Accrington_Stanley_F.C._logo.svg.png
26,Adelaide United,Adelaide United FC,Adelaide_United_FC,,https://upload.wikimedia.org/wikipedia/commons/thumb/b/b0/Adelaide_United_FC.svg/250px-Adelaide_United_FC.svg.png
27,Ajax,AFC Ajax,AFC_Ajax,,https://upload.wikimedia.org/wikipedia/commons/thumb/0/0d/Logo_AFC_Ajax_%281928-1991%2C_2025-%29.png/250px-Logo_AFC_Ajax_%281928-1991%2C_2025-%29.png
28,Akhisar Belediyespor,Akhisar,Akhisar,,https://upload.wikimedia.org/wikipedia/en/7/7b/Akhisarspor_logo.png
29,Al Ahli,Shabab Al Ahli Club,Shabab_Al_Ahli_Club,,https://upload.wikimedia.org/wikipedia/en/thumb/0/02/Shabab_Al_Ahli_logo.svg/250px-Shabab_Al_Ahli_logo.svg.png
30,Al Batin,Al Batin FC,Al_Batin_FC,,https://upload.wikimedia.org/wikipedia/en/thumb/8/87/Al-Batin_F.C_logo.png/250px-Al-Batin_F.C_logo.png
31,Al Faisaly,Al-Faisaly SC,Al-Faisaly_SC,,https://upload.wikimedia.org/wikipedia/en/5/5d/Al-Faisaly_SC_%28logo%29.png
32,Al Fateh,Al Fateh SC,Al_Fateh_SC,,https://upload.wikimedia.org/wikipedia/commons/thumb/e/e8/Al_Fateh_SC_Logo.svg/250px-Al_Fateh_SC_Logo.svg.png
33,Al Fayha,Al-Fayha Club,Al-Fayha_Club,,https://upload.wikimedia.org/wikipedia/en/thumb/0/0f/Al-Fayha_FC.svg/250px-Al-Fayha_FC.svg.png
34,Al Hilal,Al Hilal SFC,Al_Hilal_SFC,,https://upload.wikimedia.org/wikipedia/commons/thumb/5/55/Al_Hilal_SFC_Logo.svg/250px-Al_Hilal_SFC_Logo.svg.png
35,Al Ittihad,Al-Ittihad Club (Jeddah),Al-Ittihad_Club_(Jeddah),,https://upload.wikimedia.org/wikipedia/en/thumb/8/87/Al-Ittihad_Club_%28Jeddah%29_logo.svg/250px-Al-Ittihad_Club_%28Jeddah%29_logo.svg.png
36,Al Nassr,Al-Nassr FC,Al-Nassr_FC,,https://upload.wikimedia.org/wikipedia/commons/thumb/3/3f/Nassr_FC_Logo.svg/250px-Nassr_FC_Logo.svg.png
37,Al Qadisiyah,Al Qadsiah FC,Al_Qadsiah_FC,,https://upload.wikimedia.org/wikipedia/commons/thumb/6/68/QAD_LOGO.png/250px-QAD_LOGO.png
38,Al Raed,Al Raed S.FC,Al_Raed_S.FC,,https://upload.wikimedia.org/wikipedia/en/thumb/f/f3/Al_Raed_FC.svg/250px-Al_Raed_FC.svg.png
39,Al Shabab,Al Shabab Club,Al_Shabab_Club,,https://upload.wikimedia.org/wikipedia/en/thumb/2/2d/Al_Shabab_FC_%28Riyadh%29.svg/250px-Al_Shabab_FC_%28Riyadh%29.svg.png
40,Al Taawoun,Al Taawoun FC,Al_Taawoun_FC,,https://upload.wikimedia.org/wikipedia/en/thumb/0/08/Al_Taawoun_FC_Logo.svg/250px-Al_Taawoun_FC_Logo.svg.png
41,Alanyaspor,Alanyaspor,Alanyaspor,,https://upload.wikimedia.org/wikipedia/en/thumb/4/40/Alanyaspor_logo.svg/250px-Alanyaspor_logo.svg.png
42,Albacete Balompié,Albacete Balompié,Albacete_Balompié,,https://upload.wikimedia.org/wikipedia/en/thumb/3/37/Albacete_balompie.svg/250px-Albacete_balompie.svg.png
43,Albirex Niigata,FC Jurong,FC_Jurong,,https://upload.wikimedia.org/wikipedia/en/thumb/0/03/FC_Jurong_logo.png/250px-FC_Jurong_logo.png
44,Alianza Petrolera,Alianza Petrolera F.C.,Alianza_Petrolera_F.C.,,https://upload.wikimedia.org/wikipedia/commons/thumb/0/0e/EscudoAlianzaPetrolera.png/250px-EscudoAlianzaPetrolera.png
45,Amiens SC Football,Amiens SC,Amiens_SC,,https://upload.wikimedia.org/wikipedia/en/thumb/2/25/Amiens_SC_logo.svg/250px-Amiens_SC_logo.svg.png
46,Amkar Perm,FC Amkar Perm,FC_Amkar_Perm,,https://upload.wikimedia.org/wikipedia/en/thumb/0/05/FC_Amkar_Perm_logo.svg/250px-FC_Amkar_Perm_logo.svg.png
47,Angers SCO,Angers SCO,Angers_SCO,,https://upload.wikimedia.org/wikipedia/commons/thumb/f/f6/Angers_Sporting_Club_de_l%27Ouest_logo.svg/250px-Angers_Sporting_Club_de_l%27Ouest_logo.svg.png
48,Antalyaspor,Antalyaspor,Antalyaspor,,https://upload.wikimedia.org/wikipedia/en/thumb/8/83/Antalyaspor_logo.svg/250px-Antalyaspor_logo.svg.png
49,Argentinos Juniors,Argentinos Juniors,Argentinos_Juniors,,https://upload.wikimedia.org/wikipedia/commons/thumb/1/1b/Escudo_de_la_Asociaci%C3%B3n_Atl%C3%A9tica_Argentinos_Juniors.svg/250px-Escudo_de_la_Asociaci%C3%B3n_Atl%C3%A9tica_Argentinos_Juniors.svg.png
50,Arka Gdynia,Arka Gdynia,Arka_Gdynia,,https://upload.wikimedia.org/wikipedia/en/thumb/a/a1/Arka_Gdynia_crest.svg/250px-Arka_Gdynia_crest.svg.png
51,Arsenal,Arsenal F.C.,Arsenal_F.C.,,https://upload.wikimedia.org/wikipedia/en/thumb/5/53/Arsenal_FC.svg/250px-Arsenal_FC.svg.png
52,Arsenal Tula,FC Arsenal Tula,FC_Arsenal_Tula,,https://upload.wikimedia.org/wikipedia/en/thumb/5/5c/FC_Arsenal_Tula_logo.svg/250px-FC_Arsenal_Tula_logo.svg.png
53,Arsenal de Sarandí,Arsenal de Sarandí,Arsenal_de_Sarandí,,https://upload.wikimedia.org/wikipedia/en/thumb/6/60/Arsenal_Sarand%C3%AD_logo.svg/250px-Arsenal_Sarand%C3%AD_logo.svg.png
54,Ascoli,Ascoli Calcio 1898 FC,Ascoli_Calcio_1898_FC,,https://upload.wikimedia.org/wikipedia/en/thumb/2/23/Ascoli_Calcio_1898_logo.svg/250px-Ascoli_Calcio_1898_logo.svg.png
55,Asociacion Deportivo Cali,Deportivo Cali,Deportivo_Cali,,https://upload.wikimedia.org/wikipedia/commons/thumb/8/8b/Deportivo_Cali.svg/250px-Deportivo_Cali.svg.png
56,Associação Atlética Ponte Preta,Associação Atlética Ponte Preta,Associação_Atlética_Ponte_Preta,,https://upload.wikimedia.org/wikipedia/commons/thumb/0/07/Logo_AA_Ponte_Preta.svg/250px-Logo_AA_Ponte_Preta.svg.png
57,Associação Chapecoense de Futebol,Associação Chapecoense de Futebol,Associação_Chapecoense_de_Futebol,,https://upload.wikimedia.org/wikipedia/commons/thumb/4/4e/Logo_Associa%C3%A7%C3%A3o_Chapecoense_de_Futebol.svg/250px-Logo_Associa%C3%A7%C3%A3o_Chapecoense_de_Futebol.svg.png
58,Aston Villa,Aston Villa F.C.,Aston_Villa_F.C.,,https://upload.wikimedia.org/wikipedia/en/thumb/9/9a/Aston_Villa_FC_new_crest.svg/250px-Aston_Villa_FC_new_crest.svg.png
59,Atalanta,Atalanta BC,Atalanta_BC,,https://upload.wikimedia.org/wikipedia/en/thumb/f/f2/Atalanta_BC_new_logo.svg/250px-Atalanta_BC_new_logo.svg.png
60,Athletic Club de Bilbao,Athletic Bilbao,Athletic_Bilbao,,https://upload.wikimedia.org/wikipedia/en/thumb/9/98/Club_Athletic_Bilbao_logo.svg/250px-Club_Athletic_Bilbao_logo.svg.png
61,Atiker Konyaspor,Konyaspor,Konyaspor,,https://upload.wikimedia.org/wikipedia/en/thumb/d/d1/Konyaspor_logo.svg/250px-Konyaspor_logo.svg.png
62,Atlanta United FC,Atlanta United FC,Atlanta_United_FC,,https://upload.wikimedia.org/wikipedia/en/thumb/b/bb/Atlanta_MLS.svg/250px-Atlanta_MLS.svg.png
63,Atletico Nacional Medellin,Atlético Nacional,Atlético_Nacional,,https://upload.wikimedia.org/wikipedia/commons/thumb/a/ae/Atletico_Nacional_Logo.svg/250px-Atletico_Nacional_Logo.svg.png
64,Atlético Bucaramanga,Atlético Bucaramanga,Atlético_Bucaramanga,,https://upload.wikimedia.org/wikipedia/commons/thumb/b/b0/Atl%C3%A9ticoBucaramanga.png/250px-Atl%C3%A9ticoBucaramanga.png
65,Atlético Clube Goianiense,Atlético Clube Goianiense,Atlético_Clube_Goianiense,,https://upload.wikimedia.org/wikipedia/commons/thumb/0/0a/Atl%C3%A9tico_Clube_Goianiense_logo.svg/250px-Atl%C3%A9tico_Clube_Goianiense_logo.svg.png
66,Atlético Huila,Atlético Huila,Atlético_Huila,,https://upload.wikimedia.org/wikipedia/commons/thumb/6/6d/Escudo_de_Atl%C3%A9tico_Huila.svg/250px-Escudo_de_Atl%C3%A9tico_Huila.svg.png
67,Atlético Madrid,Atlético Madrid,Atlético_Madrid,,https://upload.wikimedia.org/wikipedia/en/thumb/f/f9/Atletico_Madrid_Logo_2024.svg/250px-Atletico_Madrid_Logo_2024.svg.png
68,Atlético Tucumán,Atlético Tucumán,Atlético_Tucumán,,https://upload.wikimedia.org/wikipedia/commons/thumb/9/92/Atletico_tucuman_nuevo2.svg/250px-Atletico_tucuman_nuevo2.svg.png
69,Audax Italiano,Audax Italiano,Audax_Italiano,,https://upload.wikimedia.org/wikipedia/commons/thumb/e/eb/Audax_Italiano_Escudo.png/250px-Audax_Italiano_Escudo.png
70,Avaí Futebol Clube,Avaí FC,Avaí_FC,,https://upload.wikimedia.org/wikipedia/commons/thumb/8/8c/Ava%C3%AD_Futebol_Clube_logo.svg/250px-Ava%C3%AD_Futebol_Clube_logo.svg.png
71,Avellino,US Avellino 1912,US_Avellino_1912,,https://upload.wikimedia.org/wikipedia/en/thumb/8/86/US_Avellino.svg/250px-US_Avellino.svg.png
72,BK Häcken,BK Häcken,BK_Häcken,,https://upload.wikimedia.org/wikipedia/en/thumb/5/5d/BK_Hacken_logo.svg/250px-BK_Hacken_logo.svg.png
73,BSC Young Boys,BSC Old Boys,BSC_Old_Boys,,https://upload.wikimedia.org/wikipedia/commons/thumb/5/52/BSCOldBoys.svg/250px-BSCOldBoys.svg.png
74,Bahía Blanca,Club Olimpo,Club_Olimpo,,https://upload.wikimedia.org/wikipedia/commons/thumb/8/85/Escudo_Oficial_Olimpo.png/330px-Escudo_Oficial_Olimpo.png
75,Banfield,Club Atlético Banfield,Club_Atlético_Banfield,,https://upload.wikimedia.org/wikipedia/commons/thumb/1/16/CA_Banfield_%282014%29.svg/250px-CA_Banfield_%282014%29.svg.png
76,Bari,SSC Bari,SSC_Bari,,https://upload.wikimedia.org/wikipedia/en/thumb/8/85/SSC_Bari_crest.svg/250px-SSC_Bari_crest.svg.png
77,Barnet,Barnet F.C.,Barnet_F.C.,,https://upload.wikimedia.org/wikipedia/en/thumb/a/a2/Barnet_FC.svg/250px-Barnet_FC.svg.png
78,Barnsley,Barnsley F.C.,Barnsley_F.C.,,https://upload.wikimedia.org/wikipedia/en/thumb/c/c9/Barnsley_FC.svg/250px-Barnsley_FC.svg.png
79,Bayer 04 Leverkusen,Bayer 04 Leverkusen,Bayer_04_Leverkusen,,https://upload.wikimedia.org/wikipedia/en/thumb/5/59/Bayer_04_Leverkusen_logo.svg/250px-Bayer_04_Leverkusen_logo.svg.png
80,Belgrano de Córdoba,Club Atlético Belgrano,Club_Atlético_Belgrano,,https://upload.wikimedia.org/wikipedia/commons/thumb/a/a7/Club_Atl%C3%A9tico_Belgrano_2026.svg/250px-Club_Atl%C3%A9tico_Belgrano_2026.svg.png
81,Benevento Calcio,Benevento Calcio,Benevento_Calcio,,https://upload.wikimedia.org/wikipedia/en/thumb/6/61/Benevento_Calcio_logo.svg/250px-Benevento_Calcio_logo.svg.png
82,Beşiktaş JK,Beşiktaş J.K.,Beşiktaş_J.K.,,https://upload.wikimedia.org/wikipedia/commons/thumb/d/da/BesiktasJK-Logo.svg/250px-BesiktasJK-Logo.svg.png
83,Birmingham City,Birmingham City F.C.,Birmingham_City_F.C.,,https://upload.wikimedia.org/wikipedia/en/thumb/6/68/Birmingham_City_FC_logo.svg/250px-Birmingham_City_FC_logo.svg.png
84,Blackburn Rovers,Blackburn Rovers F.C.,Blackburn_Rovers_F.C.,,https://upload.wikimedia.org/wikipedia/en/thumb/0/0f/Blackburn_Rovers.svg/250px-Blackburn_Rovers.svg.png
85,Blackpool,Blackpool F.C.,Blackpool_F.C.,,https://upload.wikimedia.org/wikipedia/en/thumb/d/df/Blackpool_FC_logo.svg/250px-Blackpool_FC_logo.svg.png
86,Boavista FC,Boavista F.C.,Boavista_F.C.,,https://upload.wikimedia.org/wikipedia/en/thumb/4/40/Boavista_F.C._logo.svg/250px-Boavista_F.C._logo.svg.png
87,Boca Juniors,Boca Juniors,Boca_Juniors,,https://upload.wikimedia.org/wikipedia/commons/thumb/e/e3/Boca_Juniors_logo18.svg/250px-Boca_Juniors_logo18.svg.png
88,Bohemian FC,Bohemian F.C.,Bohemian_F.C.,,https://upload.wikimedia.org/wikipedia/en/thumb/5/50/Bohemian_F.C._crest.svg/250px-Bohemian_F.C._crest.svg.png
89,Bologna,Bologna FC 1909,Bologna_FC_1909,,https://upload.wikimedia.org/wikipedia/commons/thumb/5/5b/Bologna_F.C._1909_logo.svg/250px-Bologna_F.C._1909_logo.svg.png
90,Bolton Wanderers,Bolton Wanderers F.C.,Bolton_Wanderers_F.C.,,https://upload.wikimedia.org/wikipedia/en/thumb/8/82/Bolton_Wanderers_FC_logo.svg/250px-Bolton_Wanderers_FC_logo.svg.png
91,Borussia Dortmund,Borussia Dortmund,Borussia_Dortmund,,https://upload.wikimedia.org/wikipedia/commons/thumb/6/67/Borussia_Dortmund_logo.svg/250px-Borussia_Dortmund_logo.svg.png
92,Borussia Mönchengladbach,Borussia Mönchengladbach,Borussia_Mönchengladbach,,https://upload.wikimedia.org/wikipedia/commons/thumb/8/81/Borussia_M%C3%B6nchengladbach_logo.svg/250px-Borussia_M%C3%B6nchengladbach_logo.svg.png
93,Botafogo de Futebol e Regatas,Botafogo de Futebol e Regatas (basketball),Botafogo_de_Futebol_e_Regatas_(basketball),,https://upload.wikimedia.org/wikipedia/commons/thumb/5/52/Botafogo_de_Futebol_e_Regatas_logo.svg/250px-Botafogo_de_Futebol_e_Regatas_logo.svg.png
94,Bourg en Bresse Péronnas 01,Football Bourg-en-Bresse Péronnas 01,Football_Bourg-en-Bresse_Péronnas_01,,https://upload.wikimedia.org/wikipedia/en/thumb/4/42/Football_Bourg-en-Bresse_Peronnas_01_logo.svg/250px-Football_Bourg-en-Bresse_Peronnas_01_logo.svg.png
95,Bournemouth,AFC Bournemouth,AFC_Bournemouth,,https://upload.wikimedia.org/wikipedia/en/thumb/e/e5/AFC_Bournemouth_%282013%29.svg/250px-AFC_Bournemouth_%282013%29.svg.png
96,Bradford City,Bradford City A.F.C.,Bradford_City_A.F.C.,,https://upload.wikimedia.org/wikipedia/en/thumb/0/04/Bradford_City_AFC_crest.svg/250px-Bradford_City_AFC_crest.svg.png
97,Bray Wanderers,Bray Wanderers F.C.,Bray_Wanderers_F.C.,,https://upload.wikimedia.org/wikipedia/en/thumb/5/59/Bray_Wanderers_F.C._Crest.svg/250px-Bray_Wanderers_F.C._Crest.svg.png
98,Brentford,Brentford F.C.,Brentford_F.C.,,https://upload.wikimedia.org/wikipedia/en/thumb/2/2a/Brentford_FC_crest.svg/250px-Brentford_FC_crest.svg.png
99,Brescia,Brescia Calcio,Brescia_Calcio,,https://upload.wikimedia.org/wikipedia/en/thumb/1/17/Brescia_calcio_badge.svg/250px-Brescia_calcio_badge.svg.png
100,Brighton & Hove Albion,Brighton & Hove Albion F.C.,Brighton_&_Hove_Albion_F.C.,,https://upload.wikimedia.org/wikipedia/en/thumb/d/d0/Brighton_and_Hove_Albion_FC_crest.svg/250px-Brighton_and_Hove_Albion_FC_crest.svg.png
101,Brisbane Roar,Brisbane Roar FC,Brisbane_Roar_FC,,https://upload.wikimedia.org/wikipedia/en/thumb/8/88/Brisbane_Roar_FC_logo.svg/250px-Brisbane_Roar_FC_logo.svg.png
102,Bristol City,Bristol City F.C.,Bristol_City_F.C.,,https://upload.wikimedia.org/wikipedia/en/thumb/f/f5/Bristol_City_crest.svg/250px-Bristol_City_crest.svg.png
103,Bristol Rovers,Bristol Rovers F.C.,Bristol_Rovers_F.C.,,https://upload.wikimedia.org/wikipedia/en/thumb/4/47/Bristol_Rovers_F.C._logo.svg/250px-Bristol_Rovers_F.C._logo.svg.png
104,Brøndby IF,Brøndby IF,Brøndby_IF,,https://upload.wikimedia.org/wikipedia/en/thumb/b/b5/Brondby_IF_logo.svg/250px-Brondby_IF_logo.svg.png
105,Burnley,Burnley F.C.,Burnley_F.C.,,https://upload.wikimedia.org/wikipedia/en/thumb/6/6d/Burnley_FC_Logo.svg/250px-Burnley_FC_Logo.svg.png
106,Bursaspor,Bursaspor,Bursaspor,,https://upload.wikimedia.org/wikipedia/en/thumb/3/3c/Bursaspor_logo.svg/250px-Bursaspor_logo.svg.png
107,Burton Albion,Burton Albion F.C.,Burton_Albion_F.C.,,https://upload.wikimedia.org/wikipedia/en/thumb/9/93/Burton_Albion_FC_crest.svg/250px-Burton_Albion_FC_crest.svg.png
108,Bury,Bury F.C.,Bury_F.C.,,https://upload.wikimedia.org/wikipedia/en/thumb/6/65/Bury_FC_crest.svg/250px-Bury_FC_crest.svg.png
109,C.D. Leonesa S.A.D.,Cultural y Deportiva Leonesa,Cultural_y_Deportiva_Leonesa,,https://upload.wikimedia.org/wikipedia/en/thumb/5/5c/Logo_of_Cultural_y_Deportiva_Leonesa.svg/500px-Logo_of_Cultural_y_Deportiva_Leonesa.svg.png
110,CA Osasuna,CA Osasuna,CA_Osasuna,,https://upload.wikimedia.org/wikipedia/en/thumb/3/38/CA_Osasuna_2024_crest.svg/250px-CA_Osasuna_2024_crest.svg.png
111,CD America de Cali,C.D. Guadalajara,C.D._Guadalajara,,https://upload.wikimedia.org/wikipedia/en/thumb/f/f0/Guadalajara_CD.svg/250px-Guadalajara_CD.svg.png
112,CD Antofagasta,Deportes Antofagasta,Deportes_Antofagasta,,https://upload.wikimedia.org/wikipedia/en/c/cf/DeportesAntofagasta.png
113,CD Aves,C.D. Aves,C.D._Aves,,https://upload.wikimedia.org/wikipedia/en/thumb/6/60/CD_Aves_logo.svg/250px-CD_Aves_logo.svg.png
114,CD Feirense,C.D. Feirense,C.D._Feirense,,https://upload.wikimedia.org/wikipedia/en/thumb/2/2d/C.D._Feirense_logo.svg/250px-C.D._Feirense_logo.svg.png
115,CD Huachipato,Huachipato FC,Huachipato_FC,,https://upload.wikimedia.org/wikipedia/commons/thumb/5/5b/LogoHFC.png/250px-LogoHFC.png
116,CD Leganés,CD Leganés,CD_Leganés,,https://upload.wikimedia.org/wikipedia/en/thumb/b/b8/Club_Deportivo_Legan%C3%A9s_logo.svg/250px-Club_Deportivo_Legan%C3%A9s_logo.svg.png
117,CD Los Millionarios Bogota,Millonarios F.C.,Millonarios_F.C.,,https://upload.wikimedia.org/wikipedia/commons/thumb/f/f7/Millonarios_F%C3%BAtbol_Club_logo.svg/250px-Millonarios_F%C3%BAtbol_Club_logo.svg.png
118,CD Lugo,CD Lugo,CD_Lugo,,https://upload.wikimedia.org/wikipedia/en/thumb/0/09/CD_Lugo_logo.svg/250px-CD_Lugo_logo.svg.png
119,CD Numancia,CD Numancia,CD_Numancia,,https://upload.wikimedia.org/wikipedia/en/thumb/0/07/CD_Numancia_logo.svg/250px-CD_Numancia_logo.svg.png
120,CD O'Higgins,O'Higgins F.C.,O'Higgins_F.C.,,https://upload.wikimedia.org/wikipedia/en/thumb/7/70/O%27Higgins_FC.png/250px-O%27Higgins_FC.png
121,CD Once Caldas Manizales,Once Caldas,Once_Caldas,,https://upload.wikimedia.org/wikipedia/commons/thumb/2/2f/Logo_Once_Caldas.png/250px-Logo_Once_Caldas.png
122,CD Palestino,Club Deportivo Palestino,Club_Deportivo_Palestino,,https://upload.wikimedia.org/wikipedia/commons/thumb/8/8a/Escudo_Oficial_Palestino.png/250px-Escudo_Oficial_Palestino.png
123,CD Tenerife,CD Tenerife,CD_Tenerife,,https://upload.wikimedia.org/wikipedia/en/thumb/3/3a/CD_Tenerife_emblem.svg/250px-CD_Tenerife_emblem.svg.png
124,CD Universidad de Concepción,C.D. Universidad de Concepción,C.D._Universidad_de_Concepción,,https://upload.wikimedia.org/wikipedia/en/thumb/e/ec/Universidad_concepcion.png/250px-Universidad_concepcion.png
125,CF Os Belenenses,C.F. Os Belenenses,C.F._Os_Belenenses,,https://upload.wikimedia.org/wikipedia/en/thumb/0/08/C.F._Os_Belenenses_logo.svg/250px-C.F._Os_Belenenses_logo.svg.png
126,CF Reus Deportiu,CF Reus Deportiu,CF_Reus_Deportiu,,https://upload.wikimedia.org/wikipedia/en/thumb/9/96/CF_Reus_new_logo.png/250px-CF_Reus_new_logo.png
127,CPD Junior Barranquilla,Atlético Junior,Atlético_Junior,,https://upload.wikimedia.org/wikipedia/commons/thumb/1/12/Junior_Barranquilla_logo.svg/250px-Junior_Barranquilla_logo.svg.png
128,CS Marítimo,C.S. Marítimo,C.S._Marítimo,,https://upload.wikimedia.org/wikipedia/en/thumb/3/30/C.S._Mar%C3%ADtimo_logo.svg/250px-C.S._Mar%C3%ADtimo_logo.svg.png
129,CSKA Moscow,PFC CSKA Moscow,PFC_CSKA_Moscow,,https://upload.wikimedia.org/wikipedia/en/thumb/2/26/PFK_CSKA_Logo.svg/250px-PFK_CSKA_Logo.svg.png
130,Cagliari,Cagliari Calcio,Cagliari_Calcio,,https://upload.wikimedia.org/wikipedia/en/thumb/6/61/Cagliari_Calcio_1920.svg/250px-Cagliari_Calcio_1920.svg.png
131,Cambridge United,Cambridge United F.C.,Cambridge_United_F.C.,,https://upload.wikimedia.org/wikipedia/en/thumb/5/57/Cambridge_United_FC_crest.svg/250px-Cambridge_United_FC_crest.svg.png
132,Cardiff City,Cardiff City F.C.,Cardiff_City_F.C.,,https://upload.wikimedia.org/wikipedia/en/thumb/3/3c/Cardiff_City_crest.svg/250px-Cardiff_City_crest.svg.png
133,Carlisle United,Carlisle United F.C.,Carlisle_United_F.C.,,https://upload.wikimedia.org/wikipedia/en/thumb/6/6c/Carlisle_United_FC_crest.svg/250px-Carlisle_United_FC_crest.svg.png
134,Carpi,AC Carpi,AC_Carpi,,https://upload.wikimedia.org/wikipedia/en/thumb/4/48/AC_Carpi_crest.svg/250px-AC_Carpi_crest.svg.png
135,Celtic,Celtic F.C.,Celtic_F.C.,,https://upload.wikimedia.org/wikipedia/en/thumb/7/71/Celtic_FC_crest.svg/250px-Celtic_FC_crest.svg.png
136,Central Coast Mariners,Central Coast Mariners FC,Central_Coast_Mariners_FC,,https://upload.wikimedia.org/wikipedia/commons/thumb/2/2e/Central_Coast_Mariners.svg/250px-Central_Coast_Mariners.svg.png
137,Cerezo Osaka,Cerezo Osaka,Cerezo_Osaka,,https://upload.wikimedia.org/wikipedia/en/thumb/8/85/Cerezo_Osaka_logo.svg/250px-Cerezo_Osaka_logo.svg.png
138,Cesena,Cesena FC,Cesena_FC,,https://upload.wikimedia.org/wikipedia/en/thumb/5/5a/Cesena_FC_crest.svg/250px-Cesena_FC_crest.svg.png
139,Chacarita Juniors,Chacarita Juniors,Chacarita_Juniors,,https://upload.wikimedia.org/wikipedia/commons/thumb/a/a0/Escudo_del_Club_Atl%C3%A9tico_Chacarita_Juniors.svg/250px-Escudo_del_Club_Atl%C3%A9tico_Chacarita_Juniors.svg.png
140,Chamois Niortais FC,Chamois Niortais FC,Chamois_Niortais_FC,,https://upload.wikimedia.org/wikipedia/en/thumb/6/68/Chamois_Niortais_FC_logo.svg/250px-Chamois_Niortais_FC_logo.svg.png
141,Charlton Athletic,Charlton Athletic F.C.,Charlton_Athletic_F.C.,,https://upload.wikimedia.org/wikipedia/en/thumb/f/f5/Charlton_Athletic_FC_crest.svg/250px-Charlton_Athletic_FC_crest.svg.png
142,Chelsea,Chelsea F.C.,Chelsea_F.C.,,https://upload.wikimedia.org/wikipedia/en/thumb/c/cc/Chelsea_FC.svg/250px-Chelsea_FC.svg.png
143,Cheltenham Town,Cheltenham Town F.C.,Cheltenham_Town_F.C.,,https://upload.wikimedia.org/wikipedia/en/thumb/c/c3/Cheltenham_Town_F.C._logo.svg/250px-Cheltenham_Town_F.C._logo.svg.png
144,Chemnitzer FC,Chemnitzer FC,Chemnitzer_FC,,https://upload.wikimedia.org/wikipedia/commons/thumb/c/c5/Chemnitzer_FC_Logo.svg/250px-Chemnitzer_FC_Logo.svg.png
145,Chesterfield,Chesterfield F.C.,Chesterfield_F.C.,,https://upload.wikimedia.org/wikipedia/en/thumb/9/94/Chesterfield_FC_crest.svg/250px-Chesterfield_FC_crest.svg.png
146,Chicago Fire Soccer Club,Chicago Fire FC,Chicago_Fire_FC,,https://upload.wikimedia.org/wikipedia/commons/thumb/0/03/Chicago_Fire_logo%2C_2021.svg/250px-Chicago_Fire_logo%2C_2021.svg.png
147,Chievo Verona,AC ChievoVerona,AC_ChievoVerona,,https://upload.wikimedia.org/wikipedia/en/thumb/f/f0/A.C._ChievoVerona_logo.svg/250px-A.C._ChievoVerona_logo.svg.png
148,Cittadella,AS Cittadella,AS_Cittadella,,https://upload.wikimedia.org/wikipedia/en/thumb/e/e3/AS_Cittadella_logo.svg/250px-AS_Cittadella_logo.svg.png
149,Clermont Foot 63,Clermont Foot 63,Clermont_Foot_63,,https://upload.wikimedia.org/wikipedia/en/thumb/5/52/Clermont_Foot_logo.svg/250px-Clermont_Foot_logo.svg.png
150,Club América,Club América,Club_América,,https://upload.wikimedia.org/wikipedia/en/thumb/c/c1/Club_Am%C3%A9rica_crest.svg/250px-Club_Am%C3%A9rica_crest.svg.png
151,Club Atlas,Atlas F.C.,Atlas_F.C.,,https://upload.wikimedia.org/wikipedia/commons/thumb/d/d2/F%C3%BAtbol_Club_Atlas.svg/250px-F%C3%BAtbol_Club_Atlas.svg.png
152,Club Atlético Huracán,Club Atlético Huracán,Club_Atlético_Huracán,,https://upload.wikimedia.org/wikipedia/commons/thumb/d/dd/Emblema_oficial_del_Club_Atl%C3%A9tico_Hurac%C3%A1n.svg/250px-Emblema_oficial_del_Club_Atl%C3%A9tico_Hurac%C3%A1n.svg.png
153,Club Atlético Lanús,Club Atlético Lanús,Club_Atlético_Lanús,,https://upload.wikimedia.org/wikipedia/commons/thumb/a/a9/Escudo_de_Lan%C3%BAs_%28sin_estrellas%29.svg/250px-Escudo_de_Lan%C3%BAs_%28sin_estrellas%29.svg.png
154,Club Atlético Patronato,Club Atlético Patronato,Club_Atlético_Patronato,,https://upload.wikimedia.org/wikipedia/commons/thumb/3/3c/Logo_of_CA_Patronato_%282023%29.png/250px-Logo_of_CA_Patronato_%282023%29.png
155,Club Atlético Tigre,Club Atlético Tigre,Club_Atlético_Tigre,,https://upload.wikimedia.org/wikipedia/commons/thumb/4/47/Escudo_del_Club_Atl%C3%A9tico_Tigre_-_2019.svg/250px-Escudo_del_Club_Atl%C3%A9tico_Tigre_-_2019.svg.png
156,Club Brugge KV,Club Brugge KV,Club_Brugge_KV,,https://upload.wikimedia.org/wikipedia/en/thumb/d/d0/Club_Brugge_KV_logo.svg/250px-Club_Brugge_KV_logo.svg.png
157,Club León,Club León,Club_León,,https://upload.wikimedia.org/wikipedia/en/thumb/8/8f/Club_Leon_Logo.svg/250px-Club_Leon_Logo.svg.png
158,Club Tijuana,Club Tijuana,Club_Tijuana,,https://upload.wikimedia.org/wikipedia/en/thumb/2/29/Club_Tijuana_logo.svg/250px-Club_Tijuana_logo.svg.png
159,Club de Deportes Temuco,Deportes Temuco,Deportes_Temuco,,https://upload.wikimedia.org/wikipedia/en/thumb/d/d4/Deportes_Temuco.jpg/250px-Deportes_Temuco.jpg
160,Clube Atlético Mineiro,Clube Atlético Mineiro,Clube_Atlético_Mineiro,,https://upload.wikimedia.org/wikipedia/commons/thumb/4/41/Logo_of_Clube_Atl%C3%A9tico_Mineiro.svg/250px-Logo_of_Clube_Atl%C3%A9tico_Mineiro.svg.png
161,Clube Atlético Paranaense,Club Athletico Paranaense,Club_Athletico_Paranaense,,https://upload.wikimedia.org/wikipedia/commons/thumb/4/43/Athletico_Paranaense_%28Logo_2019%29.svg/250px-Athletico_Paranaense_%28Logo_2019%29.svg.png
162,Colchester United,Colchester United F.C.,Colchester_United_F.C.,,https://upload.wikimedia.org/wikipedia/en/thumb/9/9c/Colchester_United_FC_crest.svg/250px-Colchester_United_FC_crest.svg.png
163,Colo-Colo,Colo-Colo,Colo-Colo,,https://upload.wikimedia.org/wikipedia/en/thumb/b/be/Colo-Colo.svg/250px-Colo-Colo.svg.png
164,Colon de Santa Fe,Club Atlético Colón,Club_Atlético_Colón,,https://upload.wikimedia.org/wikipedia/commons/thumb/6/68/Escudo_Colon_Con_Estrella.png/250px-Escudo_Colon_Con_Estrella.png
165,Colorado Rapids,Colorado Rapids,Colorado_Rapids,,https://upload.wikimedia.org/wikipedia/en/thumb/2/2b/Colorado_Rapids_logo.svg/250px-Colorado_Rapids_logo.svg.png
166,Columbus Crew SC,Columbus Crew,Columbus_Crew,,https://upload.wikimedia.org/wikipedia/commons/thumb/d/dc/Columbus_Crew_logo_2021.svg/250px-Columbus_Crew_logo_2021.svg.png
167,Coritiba Foot Ball Club,Coritiba Foot Ball Club,Coritiba_Foot_Ball_Club,,https://upload.wikimedia.org/wikipedia/commons/thumb/b/bd/Coritiba_Foot_Ball_Club_logo.svg/250px-Coritiba_Foot_Ball_Club_logo.svg.png
168,Cork City,Cork City F.C.,Cork_City_F.C.,,https://upload.wikimedia.org/wikipedia/en/thumb/9/95/Cork_City_F.C._crest.svg/250px-Cork_City_F.C._crest.svg.png
169,Corporación Club Deportivo Tuluá,Internacional F.C. de Palmira,Internacional_F.C._de_Palmira,,https://upload.wikimedia.org/wikipedia/en/b/ba/Internacional_F.C._de_Palmira.png
170,Coventry City,Coventry City F.C.,Coventry_City_F.C.,,https://upload.wikimedia.org/wikipedia/en/thumb/7/7b/Coventry_City_FC_crest.svg/250px-Coventry_City_FC_crest.svg.png
171,Cracovia,KS Cracovia,KS_Cracovia,,https://upload.wikimedia.org/wikipedia/en/thumb/b/b9/Cracovia_%28football_club%29_logo.svg/250px-Cracovia_%28football_club%29_logo.svg.png
172,Crawley Town,Crawley Town F.C.,Crawley_Town_F.C.,,https://upload.wikimedia.org/wikipedia/en/thumb/1/11/Crawley_Town_FC_crest.svg/250px-Crawley_Town_FC_crest.svg.png
173,Cremonese,US Cremonese,US_Cremonese,,https://upload.wikimedia.org/wikipedia/en/thumb/e/e1/US_Cremonese_logo.svg/250px-US_Cremonese_logo.svg.png
174,Crewe Alexandra,Crewe Alexandra F.C.,Crewe_Alexandra_F.C.,,https://upload.wikimedia.org/wikipedia/en/thumb/9/9d/Crewe_Alexandra.svg/250px-Crewe_Alexandra.svg.png
175,Crotone,FC Crotone,FC_Crotone,,https://upload.wikimedia.org/wikipedia/en/thumb/d/db/FC_Crotone_logo.svg/250px-FC_Crotone_logo.svg.png
176,Cruz Azul,Cruz Azul,Cruz_Azul,,https://upload.wikimedia.org/wikipedia/commons/thumb/1/15/Cruz_Azul_2026.png/250px-Cruz_Azul_2026.png
177,Cruzeiro,Cruzeiro EC,Cruzeiro_EC,,https://upload.wikimedia.org/wikipedia/commons/thumb/9/90/Cruzeiro_Esporte_Clube_%28logo%29.svg/250px-Cruzeiro_Esporte_Clube_%28logo%29.svg.png
178,Crystal Palace,Crystal Palace F.C.,Crystal_Palace_F.C.,,https://upload.wikimedia.org/wikipedia/en/thumb/a/a2/Crystal_Palace_FC_logo_%282022%29.svg/250px-Crystal_Palace_FC_logo_%282022%29.svg.png
179,Curicó Unido,Curicó Unido,Curicó_Unido,,https://upload.wikimedia.org/wikipedia/en/0/00/Curic%C3%B3_Unido_logo.png
180,Cádiz C.F.,Cádiz CF,Cádiz_CF,,https://upload.wikimedia.org/wikipedia/en/thumb/5/58/C%C3%A1diz_CF_logo.svg/250px-C%C3%A1diz_CF_logo.svg.png
181,Córdoba CF,Córdoba CF,Córdoba_CF,,https://upload.wikimedia.org/wikipedia/en/thumb/9/96/C%C3%B3rdoba_CF_logo.svg/250px-C%C3%B3rdoba_CF_logo.svg.png
182,D.C. United,D.C. United,D.C._United,,https://upload.wikimedia.org/wikipedia/en/thumb/3/32/D.C._United_logo_%282016%29.svg/250px-D.C._United_logo_%282016%29.svg.png
183,DSC Arminia Bielefeld,Arminia Bielefeld,Arminia_Bielefeld,,https://upload.wikimedia.org/wikipedia/en/thumb/1/1b/Arminia_Bielefeld_crest.svg/250px-Arminia_Bielefeld_crest.svg.png
184,Daegu FC,Daegu FC,Daegu_FC,,https://upload.wikimedia.org/wikipedia/en/thumb/a/a4/Daegu_FC.svg/250px-Daegu_FC.svg.png
185,Defensa y Justicia,Defensa y Justicia,Defensa_y_Justicia,,https://upload.wikimedia.org/wikipedia/commons/thumb/7/70/Escudo_del_Club_Social_y_Deportivo_Defensa_y_Justicia.svg/250px-Escudo_del_Club_Social_y_Deportivo_Defensa_y_Justicia.svg.png
186,Deportes Iquique,Deportes Iquique,Deportes_Iquique,,https://upload.wikimedia.org/wikipedia/en/thumb/0/07/Deportes_Iquique.png/250px-Deportes_Iquique.png
187,Deportes Tolima,Deportes Tolima,Deportes_Tolima,,https://upload.wikimedia.org/wikipedia/commons/thumb/6/6b/Tolima_Campe%C3%B3n_2018.png/250px-Tolima_Campe%C3%B3n_2018.png
188,Deportivo Alavés,Deportivo Alavés,Deportivo_Alavés,,https://upload.wikimedia.org/wikipedia/en/thumb/f/f8/Deportivo_Alaves_logo_%282020%29.svg/250px-Deportivo_Alaves_logo_%282020%29.svg.png
189,Deportivo Pasto,Deportivo Pasto,Deportivo_Pasto,,https://upload.wikimedia.org/wikipedia/commons/thumb/b/b8/Escudo_Deportivo_Pasto_2026.png/250px-Escudo_Deportivo_Pasto_2026.png
190,Deportivo Toluca,Toluca FC,Toluca_FC,,https://upload.wikimedia.org/wikipedia/commons/thumb/a/a4/Club_Toluca_Logo.svg/250px-Club_Toluca_Logo.svg.png
191,Derby County,Derby County F.C.,Derby_County_F.C.,,https://upload.wikimedia.org/wikipedia/en/thumb/4/4a/Derby_County_crest.svg/250px-Derby_County_crest.svg.png
192,Derry City,Derry City F.C.,Derry_City_F.C.,,https://upload.wikimedia.org/wikipedia/en/thumb/5/52/Derry_City_F.C._crest.svg/250px-Derry_City_F.C._crest.svg.png
193,Dijon FCO,Dijon FCO,Dijon_FCO,,https://upload.wikimedia.org/wikipedia/en/thumb/f/f7/Dijon_FCO_logo.svg/250px-Dijon_FCO_logo.svg.png
194,Dinamo Moscow,FC Dinamo Tbilisi,FC_Dinamo_Tbilisi,,https://upload.wikimedia.org/wikipedia/en/thumb/3/38/FC_Dinamo_Tbilisi_logo.png/250px-FC_Dinamo_Tbilisi_logo.png
195,Djurgårdens IF,Djurgårdens IF Fotboll,Djurgårdens_IF_Fotboll,,https://upload.wikimedia.org/wikipedia/commons/thumb/e/e6/Djurgardens_IF_logo.svg/250px-Djurgardens_IF_logo.svg.png
196,Doncaster Rovers,Doncaster Rovers F.C.,Doncaster_Rovers_F.C.,,https://upload.wikimedia.org/wikipedia/en/thumb/c/c5/Doncaster_Rovers_F.C._logo.svg/250px-Doncaster_Rovers_F.C._logo.svg.png
197,Drogheda United,Drogheda United F.C.,Drogheda_United_F.C.,,https://upload.wikimedia.org/wikipedia/en/thumb/1/13/Drogheda_United_FC.svg/250px-Drogheda_United_FC.svg.png
198,Dundalk,Dundalk F.C.,Dundalk_F.C.,,https://upload.wikimedia.org/wikipedia/en/thumb/2/27/Dundalk_F.C._crest.svg/250px-Dundalk_F.C._crest.svg.png
199,Dundee FC,Dundee F.C.,Dundee_F.C.,,https://upload.wikimedia.org/wikipedia/en/thumb/3/3b/Dundee_FC_2025_Crest.svg/250px-Dundee_FC_2025_Crest.svg.png
200,ES Troyes AC,ES Troyes AC,ES_Troyes_AC,,https://upload.wikimedia.org/wikipedia/commons/thumb/a/a9/ESTAC_Troyes_Logo.svg/250px-ESTAC_Troyes_Logo.svg.png
201,Eintracht Braunschweig,Eintracht Braunschweig,Eintracht_Braunschweig,,https://upload.wikimedia.org/wikipedia/en/thumb/6/60/Eintracht_Braunschweig_logo.svg/250px-Eintracht_Braunschweig_logo.svg.png
202,Eintracht Frankfurt,Eintracht Frankfurt,Eintracht_Frankfurt,,https://upload.wikimedia.org/wikipedia/en/thumb/7/7e/Eintracht_Frankfurt_crest.svg/250px-Eintracht_Frankfurt_crest.svg.png
203,Empoli,Empoli FC,Empoli_FC,,https://upload.wikimedia.org/wikipedia/en/thumb/f/fb/Empoli_FC_crest.svg/250px-Empoli_FC_crest.svg.png
204,En Avant de Guingamp,En Avant Guingamp,En_Avant_Guingamp,,https://upload.wikimedia.org/wikipedia/en/thumb/5/56/En_Avant_Guingamp_logo.svg/250px-En_Avant_Guingamp_logo.svg.png
205,Envigado FC,Envigado F.C.,Envigado_F.C.,,https://upload.wikimedia.org/wikipedia/en/thumb/4/4e/Envigado_FC_logo_2018.png/250px-Envigado_FC_logo_2018.png
206,Estoril Praia,G.D. Estoril Praia,G.D._Estoril_Praia,,https://upload.wikimedia.org/wikipedia/en/thumb/9/94/GD_Estoril_Praia_logo.svg/250px-GD_Estoril_Praia_logo.svg.png
207,Estudiantes de La Plata,Estudiantes de La Plata,Estudiantes_de_La_Plata,,https://upload.wikimedia.org/wikipedia/commons/thumb/1/15/Estudiantes_de_la_Plata_crest_%282025%29_cropped.svg/250px-Estudiantes_de_la_Plata_crest_%282025%29_cropped.svg.png
208,Ettifaq FC,Al-Ettifaq Club,Al-Ettifaq_Club,,https://upload.wikimedia.org/wikipedia/en/thumb/3/34/Al-Ettifaq_FC_logo.svg/250px-Al-Ettifaq_FC_logo.svg.png
209,Everton,Everton F.C.,Everton_F.C.,,https://upload.wikimedia.org/wikipedia/en/thumb/7/7c/Everton_FC_logo.svg/250px-Everton_FC_logo.svg.png
210,Everton de Viña del Mar,Everton de Viña del Mar,Everton_de_Viña_del_Mar,,https://upload.wikimedia.org/wikipedia/commons/thumb/1/17/Everton_De_Vi%C3%B1a_Del_Mar.png/250px-Everton_De_Vi%C3%B1a_Del_Mar.png
211,Evkur Yeni Malatyaspor,Yeni Malatyaspor,Yeni_Malatyaspor,,https://upload.wikimedia.org/wikipedia/tr/thumb/f/f8/Yeni_Malatyaspor.png/330px-Yeni_Malatyaspor.png
212,Excelsior,Excelsior Rotterdam,Excelsior_Rotterdam,,https://upload.wikimedia.org/wikipedia/commons/thumb/e/e1/Excelsior_Rotterdam_logo_2021.svg/250px-Excelsior_Rotterdam_logo_2021.svg.png
213,Exeter City,Exeter City F.C.,Exeter_City_F.C.,,https://upload.wikimedia.org/wikipedia/en/thumb/7/71/Exeter_City_FC.svg/250px-Exeter_City_FC.svg.png
214,F.B.C. Unione Venezia,Venezia FC,Venezia_FC,,https://upload.wikimedia.org/wikipedia/en/thumb/3/39/Venezia_FC_crest.svg/250px-Venezia_FC_crest.svg.png
215,F.C. Tokyo,FC Tokyo,FC_Tokyo,,https://upload.wikimedia.org/wikipedia/en/thumb/1/15/FC_Tokyo_Logo.svg/330px-FC_Tokyo_Logo.svg.png
216,FC Admira Wacker Mödling,Admira Wacker,Admira_Wacker,,https://upload.wikimedia.org/wikipedia/commons/thumb/6/6e/Admira_Wacker_logo_2024.svg/250px-Admira_Wacker_logo_2024.svg.png
217,FC Anzhi Makhachkala,FC Anzhi Makhachkala,FC_Anzhi_Makhachkala,,https://upload.wikimedia.org/wikipedia/en/thumb/3/36/FC_Anzhi_Makhachkala_logo.svg/250px-FC_Anzhi_Makhachkala_logo.svg.png
218,FC Augsburg,FC Augsburg,FC_Augsburg,,https://upload.wikimedia.org/wikipedia/en/thumb/c/c5/FC_Augsburg_logo.svg/250px-FC_Augsburg_logo.svg.png
219,FC Barcelona,FC Barcelona Atlètic,FC_Barcelona_Atlètic,,https://upload.wikimedia.org/wikipedia/en/thumb/4/47/FC_Barcelona_%28crest%29.svg/250px-FC_Barcelona_%28crest%29.svg.png
220,FC Barcelona B,FC Barcelona C,FC_Barcelona_C,,https://upload.wikimedia.org/wikipedia/en/thumb/4/47/FC_Barcelona_%28crest%29.svg/250px-FC_Barcelona_%28crest%29.svg.png
221,FC Basel,FC Basel,FC_Basel,,https://upload.wikimedia.org/wikipedia/en/thumb/c/c1/FC_Basel_crest.svg/250px-FC_Basel_crest.svg.png
222,FC Bayern Munich,FC Bayern Munich (women),FC_Bayern_Munich_(women),,https://upload.wikimedia.org/wikipedia/commons/thumb/8/8d/FC_Bayern_M%C3%BCnchen_logo_%282024%29.svg/250px-FC_Bayern_M%C3%BCnchen_logo_%282024%29.svg.png
223,FC Carl Zeiss Jena,FC Carl Zeiss Jena,FC_Carl_Zeiss_Jena,,https://upload.wikimedia.org/wikipedia/commons/thumb/e/e4/Logo_FC_Carl_Zeiss_Jena.svg/250px-Logo_FC_Carl_Zeiss_Jena.svg.png
224,FC Dallas,FC Dallas,FC_Dallas,,https://upload.wikimedia.org/wikipedia/en/thumb/c/c9/FC_Dallas_logo.svg/250px-FC_Dallas_logo.svg.png
225,FC Erzgebirge Aue,FC Erzgebirge Aue,FC_Erzgebirge_Aue,,https://upload.wikimedia.org/wikipedia/en/thumb/9/9e/FC_Erzgebirge_Aue_logo.svg/250px-FC_Erzgebirge_Aue_logo.svg.png
226,FC Groningen,FC Groningen,FC_Groningen,,https://upload.wikimedia.org/wikipedia/commons/thumb/2/2c/FC_Groningen_logo.svg/250px-FC_Groningen_logo.svg.png
227,FC Helsingør,FC Helsingør,FC_Helsingør,,https://upload.wikimedia.org/wikipedia/en/thumb/7/75/FC_Helsing%C3%B8r_new_logo.png/250px-FC_Helsing%C3%B8r_new_logo.png
228,FC Ingolstadt 04,FC Ingolstadt 04,FC_Ingolstadt_04,,https://upload.wikimedia.org/wikipedia/en/thumb/0/0b/FC_Ingolstadt_04_logo.svg/250px-FC_Ingolstadt_04_logo.svg.png
229,FC Krasnodar,FC Krasnodar,FC_Krasnodar,,https://upload.wikimedia.org/wikipedia/en/thumb/3/30/FC_Krasnodar_logo.svg/250px-FC_Krasnodar_logo.svg.png
230,FC København,F.C. Copenhagen,F.C._Copenhagen,,https://upload.wikimedia.org/wikipedia/en/thumb/2/26/FC_Copenhagen_logo.svg/250px-FC_Copenhagen_logo.svg.png
231,FC Lausanne-Sports,FC Lausanne-Sport,FC_Lausanne-Sport,,https://upload.wikimedia.org/wikipedia/commons/thumb/0/0d/FC_Lausanne-Sport_logo.svg/250px-FC_Lausanne-Sport_logo.svg.png
232,FC Lorient,FC Lorient,FC_Lorient,,https://upload.wikimedia.org/wikipedia/en/thumb/4/4c/FC_Lorient_logo.svg/250px-FC_Lorient_logo.svg.png
233,FC Lugano,FC Lugano,FC_Lugano,,https://upload.wikimedia.org/wikipedia/commons/thumb/1/1c/Logo_FC_Lugano_2025.svg/250px-Logo_FC_Lugano_2025.svg.png
234,FC Luzern,FC Luzern,FC_Luzern,,https://upload.wikimedia.org/wikipedia/en/thumb/1/12/FC_Luzern_crest.svg/250px-FC_Luzern_crest.svg.png
235,FC Metz,FC Metz,FC_Metz,,https://upload.wikimedia.org/wikipedia/commons/thumb/4/4a/FC_Metz_2021_Logo.svg/250px-FC_Metz_2021_Logo.svg.png
236,FC Midtjylland,FC Midtjylland,FC_Midtjylland,,https://upload.wikimedia.org/wikipedia/en/thumb/d/dd/FC_Midtjylland_logo.svg/250px-FC_Midtjylland_logo.svg.png
237,FC Nantes,FC Nantes,FC_Nantes,,https://upload.wikimedia.org/wikipedia/commons/thumb/4/45/Logo_FC_Nantes_%28avec_fond%29_-_2019.svg/250px-Logo_FC_Nantes_%28avec_fond%29_-_2019.svg.png
238,FC Nordsjælland,FC Nordsjælland,FC_Nordsjælland,,https://upload.wikimedia.org/wikipedia/en/thumb/2/23/FC_Nordsj%C3%A6lland_logo.svg/250px-FC_Nordsj%C3%A6lland_logo.svg.png
239,FC Paços de Ferreira,F.C. Paços de Ferreira,F.C._Paços_de_Ferreira,,https://upload.wikimedia.org/wikipedia/en/thumb/7/73/F.C._Pa%C3%A7os_de_Ferreira.svg/250px-F.C._Pa%C3%A7os_de_Ferreira.svg.png
240,FC Porto,FC Porto,FC_Porto,,https://upload.wikimedia.org/wikipedia/en/thumb/f/f1/FC_Porto.svg/250px-FC_Porto.svg.png
241,FC Red Bull Salzburg,FC Red Bull Salzburg,FC_Red_Bull_Salzburg,,https://upload.wikimedia.org/wikipedia/en/thumb/7/77/FC_Red_Bull_Salzburg_logo.svg/250px-FC_Red_Bull_Salzburg_logo.svg.png
242,FC Rostov,FC Rostov,FC_Rostov,,https://upload.wikimedia.org/wikipedia/en/thumb/a/a2/FC_Rostov_logo.svg/250px-FC_Rostov_logo.svg.png
243,FC SKA-Energiya Khabarovsk,FC SKA-Khabarovsk,FC_SKA-Khabarovsk,,https://upload.wikimedia.org/wikipedia/en/thumb/e/ee/FC_ska_khabarovsk_logo.png/250px-FC_ska_khabarovsk_logo.png
244,FC Schalke 04,FC Schalke 04,FC_Schalke_04,,https://upload.wikimedia.org/wikipedia/commons/thumb/6/6d/FC_Schalke_04_Logo.svg/250px-FC_Schalke_04_Logo.svg.png
245,FC Seoul,FC Seoul,FC_Seoul,,https://upload.wikimedia.org/wikipedia/en/thumb/9/9e/FC_Seoul_logo.svg/250px-FC_Seoul_logo.svg.png
246,FC Sion,FC Sion,FC_Sion,,https://upload.wikimedia.org/wikipedia/commons/thumb/d/d4/FC_Sion.svg/250px-FC_Sion.svg.png
247,FC Sochaux-Montbéliard,FC Sochaux-Montbéliard,FC_Sochaux-Montbéliard,,https://upload.wikimedia.org/wikipedia/en/thumb/7/7c/FC_Sochaux-Montbeliard_logo.svg/250px-FC_Sochaux-Montbeliard_logo.svg.png
248,FC St. Gallen,FC St. Gallen,FC_St._Gallen,,https://upload.wikimedia.org/wikipedia/commons/thumb/e/e3/FC_St._Gallen_logo.svg/250px-FC_St._Gallen_logo.svg.png
249,FC St. Pauli,FC St. Pauli,FC_St._Pauli,,https://upload.wikimedia.org/wikipedia/en/thumb/8/8f/FC_St._Pauli_logo_%282018%29.svg/250px-FC_St._Pauli_logo_%282018%29.svg.png
250,FC Thun,FC Thun,FC_Thun,,https://upload.wikimedia.org/wikipedia/commons/thumb/2/24/FC_Thun_Logo_2011.svg/250px-FC_Thun_Logo_2011.svg.png
251,FC Tosno,FC Tosno,FC_Tosno,,https://upload.wikimedia.org/wikipedia/en/f/f9/FC_Tosno_logo.png
252,FC Twente,FC Twente,FC_Twente,,https://upload.wikimedia.org/wikipedia/en/thumb/e/e3/FC_Twente.svg/250px-FC_Twente.svg.png
253,FC Ufa,FC Ufa,FC_Ufa,,https://upload.wikimedia.org/wikipedia/commons/thumb/1/1d/FC_Ufa_logo.svg/120px-FC_Ufa_logo.svg.png
254,FC Ural,FC Ural Yekaterinburg,FC_Ural_Yekaterinburg,,https://upload.wikimedia.org/wikipedia/en/thumb/8/8f/FC_Ural_Yekaterinburg_logo.svg/250px-FC_Ural_Yekaterinburg_logo.svg.png
255,FC Utrecht,FC Utrecht,FC_Utrecht,,https://upload.wikimedia.org/wikipedia/commons/thumb/5/5d/Logo_FC_Utrecht.svg/250px-Logo_FC_Utrecht.svg.png
256,FC Zürich,FC Zürich,FC_Zürich,,https://upload.wikimedia.org/wikipedia/commons/thumb/6/68/FC_Zurich_Logo_2022.svg/250px-FC_Zurich_Logo_2022.svg.png
257,FK Austria Wien,FK Austria Wien,FK_Austria_Wien,,https://upload.wikimedia.org/wikipedia/commons/thumb/6/65/FK_Austria_Wien_Logo.png/250px-FK_Austria_Wien_Logo.png
258,FK Haugesund,FK Haugesund,FK_Haugesund,,https://upload.wikimedia.org/wikipedia/en/thumb/0/06/FK_Haugesund_logo.svg/250px-FK_Haugesund_logo.svg.png
259,FSV Zwickau,FSV Zwickau,FSV_Zwickau,,https://upload.wikimedia.org/wikipedia/en/thumb/d/d4/FSV_Zwickau_logo.svg/250px-FSV_Zwickau_logo.svg.png
260,Fenerbahçe SK,Fenerbahçe S.K. (football),Fenerbahçe_S.K._(football),,https://upload.wikimedia.org/wikipedia/en/thumb/3/39/Fenerbah%C3%A7e.svg/250px-Fenerbah%C3%A7e.svg.png
261,Ferrara (SPAL),Ars et Labor Ferrara Calcio,Ars_et_Labor_Ferrara_Calcio,,https://upload.wikimedia.org/wikipedia/en/thumb/d/d5/Ars_et_Labor_Ferrara_Calcio_crest.svg/250px-Ars_et_Labor_Ferrara_Calcio_crest.svg.png
262,Feyenoord,Feyenoord,Feyenoord,,https://upload.wikimedia.org/wikipedia/commons/thumb/f/f9/Feyenoord_logo_since_2024.svg/250px-Feyenoord_logo_since_2024.svg.png
263,Finn Harps,Finn Harps F.C.,Finn_Harps_F.C.,,https://upload.wikimedia.org/wikipedia/commons/thumb/1/1a/2026_Finn_Harps_Crest.png/250px-2026_Finn_Harps_Crest.png
264,Fiorentina,ACF Fiorentina,ACF_Fiorentina,,https://upload.wikimedia.org/wikipedia/commons/thumb/8/8c/ACF_Fiorentina_-_logo_%28Italy%2C_2022%29.svg/250px-ACF_Fiorentina_-_logo_%28Italy%2C_2022%29.svg.png
265,Fleetwood Town,Fleetwood Town F.C.,Fleetwood_Town_F.C.,,https://upload.wikimedia.org/wikipedia/en/thumb/e/ed/Fleetwood_Town_F.C._logo.svg/250px-Fleetwood_Town_F.C._logo.svg.png
266,Fluminense Football Club,Fluminense FC,Fluminense_FC,,https://upload.wikimedia.org/wikipedia/commons/thumb/1/12/Fluminense_Football_Club.svg/250px-Fluminense_Football_Club.svg.png
267,Foggia,Calcio Foggia 1920,Calcio_Foggia_1920,,https://upload.wikimedia.org/wikipedia/en/thumb/2/21/Calcio_Foggia_1920_crest.svg/250px-Calcio_Foggia_1920_crest.svg.png
268,Forest Green,Forest Green Rovers F.C.,Forest_Green_Rovers_F.C.,,https://upload.wikimedia.org/wikipedia/en/thumb/8/85/Forest_Green_Rovers_crest.svg/250px-Forest_Green_Rovers_crest.svg.png
269,Fortuna Düsseldorf,Fortuna Düsseldorf,Fortuna_Düsseldorf,,https://upload.wikimedia.org/wikipedia/commons/thumb/9/94/Fortuna_D%C3%BCsseldorf.svg/250px-Fortuna_D%C3%BCsseldorf.svg.png
270,Frosinone,Frosinone Calcio,Frosinone_Calcio,,https://upload.wikimedia.org/wikipedia/en/thumb/0/0b/Frosinone_Calcio_logo.svg/250px-Frosinone_Calcio_logo.svg.png
271,Fulham,Fulham F.C.,Fulham_F.C.,,https://upload.wikimedia.org/wikipedia/en/thumb/e/eb/Fulham_FC_%28shield%29.svg/250px-Fulham_FC_%28shield%29.svg.png
272,GFC Ajaccio,Gazélec Ajaccio,Gazélec_Ajaccio,,https://upload.wikimedia.org/wikipedia/en/thumb/8/80/Gazelec_Ajaccio_logo.svg/250px-Gazelec_Ajaccio_logo.svg.png
273,GIF Sundsvall,GIF Sundsvall,GIF_Sundsvall,,https://upload.wikimedia.org/wikipedia/en/thumb/9/99/GIF_Sundsvall_logo.svg/250px-GIF_Sundsvall_logo.svg.png
274,Galatasaray SK,Galatasaray S.K. (football),Galatasaray_S.K._(football),,https://upload.wikimedia.org/wikipedia/commons/thumb/0/07/Galatasaray_S.K._Logo_2026_5-stars.svg/250px-Galatasaray_S.K._Logo_2026_5-stars.svg.png
275,Galway United,Galway United F.C.,Galway_United_F.C.,,https://upload.wikimedia.org/wikipedia/en/thumb/3/37/Galway_United_F.C._crest.svg/250px-Galway_United_F.C._crest.svg.png
276,Gamba Osaka,Gamba Osaka,Gamba_Osaka,,https://upload.wikimedia.org/wikipedia/commons/thumb/7/75/Gamba_Osaka_logo.svg/250px-Gamba_Osaka_logo.svg.png
277,Gangwon FC,Gangwon FC,Gangwon_FC,,https://upload.wikimedia.org/wikipedia/en/thumb/f/fe/Gangwon_FC.svg/250px-Gangwon_FC.svg.png
278,Genoa,Genoa CFC,Genoa_CFC,,https://upload.wikimedia.org/wikipedia/en/thumb/2/2c/Genoa_CFC_crest.svg/250px-Genoa_CFC_crest.svg.png
279,Gençlerbirliği SK,Gençlerbirliği S.K.,Gençlerbirliği_S.K.,,https://upload.wikimedia.org/wikipedia/en/thumb/1/13/Gen%C3%A7lerbirli%C4%9Fi_S.K._crest.svg/250px-Gen%C3%A7lerbirli%C4%9Fi_S.K._crest.svg.png
280,Getafe CF,Getafe CF,Getafe_CF,,https://upload.wikimedia.org/wikipedia/en/thumb/4/46/Getafe_logo.svg/250px-Getafe_logo.svg.png
281,Gillingham,Gillingham F.C.,Gillingham_F.C.,,https://upload.wikimedia.org/wikipedia/en/thumb/5/5e/FC_Gillingham_Logo.svg/250px-FC_Gillingham_Logo.svg.png
282,Gimnasia y Esgrima La Plata,Club de Gimnasia y Esgrima La Plata,Club_de_Gimnasia_y_Esgrima_La_Plata,,https://upload.wikimedia.org/wikipedia/en/thumb/6/6d/Gimnasia_Esgrima_LP_logo.svg/250px-Gimnasia_Esgrima_LP_logo.svg.png
283,Gimnàstic de Tarragona,Gimnàstic de Tarragona,Gimnàstic_de_Tarragona,,https://upload.wikimedia.org/wikipedia/en/thumb/b/be/Gimn%C3%A0stic_de_Tarragona_logo.svg/250px-Gimn%C3%A0stic_de_Tarragona_logo.svg.png
284,Girona CF,Girona FC,Girona_FC,,https://upload.wikimedia.org/wikipedia/en/thumb/f/f7/Girona_FC_Logo.svg/250px-Girona_FC_Logo.svg.png
285,Girondins de Bordeaux,FC Girondins de Bordeaux,FC_Girondins_de_Bordeaux,,https://upload.wikimedia.org/wikipedia/en/thumb/1/11/FC_Girondins_de_Bordeaux_logo.svg/250px-FC_Girondins_de_Bordeaux_logo.svg.png
286,Godoy Cruz,Godoy Cruz Antonio Tomba,Godoy_Cruz_Antonio_Tomba,,https://upload.wikimedia.org/wikipedia/en/thumb/a/ad/Godoy_Cruz_Antonio_Tomba.png/250px-Godoy_Cruz_Antonio_Tomba.png
287,Granada CF,Granada CF,Granada_CF,,https://upload.wikimedia.org/wikipedia/en/thumb/d/d5/Logo_of_Granada_Club_de_F%C3%BAtbol.svg/120px-Logo_of_Granada_Club_de_F%C3%BAtbol.svg.png
288,Grasshopper Club Zürich,Grasshopper Club Zurich,Grasshopper_Club_Zurich,,https://upload.wikimedia.org/wikipedia/commons/thumb/f/ff/GC_Z%C3%BCrich_Logo.svg/250px-GC_Z%C3%BCrich_Logo.svg.png
289,Grimsby Town,Grimsby Town F.C.,Grimsby_Town_F.C.,,https://upload.wikimedia.org/wikipedia/en/thumb/d/db/Grimsby_Town_F.C._logo.svg/250px-Grimsby_Town_F.C._logo.svg.png
290,Grupo Desportivo de Chaves,G.D. Chaves,G.D._Chaves,,https://upload.wikimedia.org/wikipedia/en/thumb/1/18/G.D._Chaves_logo.svg/250px-G.D._Chaves_logo.svg.png
291,Grêmio Foot-Ball Porto Alegrense,Grêmio FBPA,Grêmio_FBPA,,https://upload.wikimedia.org/wikipedia/commons/thumb/0/08/Gremio_logo.svg/250px-Gremio_logo.svg.png
292,Guadalajara,C.D. Guadalajara,C.D._Guadalajara,,https://upload.wikimedia.org/wikipedia/en/thumb/f/f0/Guadalajara_CD.svg/250px-Guadalajara_CD.svg.png
293,GwangJu FC,Gimcheon Sangmu FC,Gimcheon_Sangmu_FC,,https://upload.wikimedia.org/wikipedia/en/thumb/1/19/Gimcheon_Sangmu_FC.svg/250px-Gimcheon_Sangmu_FC.svg.png
294,Górnik Zabrze,Górnik Zabrze,Górnik_Zabrze,,https://upload.wikimedia.org/wikipedia/en/thumb/5/58/G%C3%B3rnik_Zabrze_crest.svg/250px-G%C3%B3rnik_Zabrze_crest.svg.png
295,Göztepe,Göztepe S.K.,Göztepe_S.K.,,https://upload.wikimedia.org/wikipedia/en/0/0f/G%C3%B6ztepe_S.K._logo.png
296,HJK Helsinki,Helsingin Jalkapalloklubi,Helsingin_Jalkapalloklubi,,https://upload.wikimedia.org/wikipedia/en/thumb/0/02/HJK_Helsinki_Logo.svg/250px-HJK_Helsinki_Logo.svg.png
297,Hallescher FC,Hallescher FC,Hallescher_FC,,https://upload.wikimedia.org/wikipedia/commons/thumb/b/b5/Hallescher_FC_logo.svg/250px-Hallescher_FC_logo.svg.png
298,Halmstads BK,Halmstads BK,Halmstads_BK,,https://upload.wikimedia.org/wikipedia/en/thumb/6/66/Halmstad_BK_logo.svg/250px-Halmstad_BK_logo.svg.png
299,Hamburger SV,Hamburger SV II,Hamburger_SV_II,,https://upload.wikimedia.org/wikipedia/commons/thumb/f/f7/Hamburger_SV_logo.svg/250px-Hamburger_SV_logo.svg.png
300,Hamilton Academical FC,Hamilton Academical F.C.,Hamilton_Academical_F.C.,,https://upload.wikimedia.org/wikipedia/en/thumb/3/3f/Hamilton_Academical_FC_crest.svg/250px-Hamilton_Academical_FC_crest.svg.png
301,Hammarby IF,Hammarby Fotboll,Hammarby_Fotboll,,https://upload.wikimedia.org/wikipedia/en/thumb/0/0a/Hammarby_IF_logo.svg/250px-Hammarby_IF_logo.svg.png
302,Hannover 96,Hannover 96,Hannover_96,,https://upload.wikimedia.org/wikipedia/commons/thumb/c/cd/Hannover_96_Logo.svg/250px-Hannover_96_Logo.svg.png
303,Hansa Rostock,FC Hansa Rostock,FC_Hansa_Rostock,,https://upload.wikimedia.org/wikipedia/commons/thumb/8/8f/F.C._Hansa_Rostock_Logo.svg/250px-F.C._Hansa_Rostock_Logo.svg.png
304,Heart of Midlothian,Heart of Midlothian F.C.,Heart_of_Midlothian_F.C.,,https://upload.wikimedia.org/wikipedia/en/thumb/6/61/Heart_of_Midlothian_FC_logo.svg/250px-Heart_of_Midlothian_FC_logo.svg.png
305,Hellas Verona,Hellas Verona FC,Hellas_Verona_FC,,https://upload.wikimedia.org/wikipedia/en/thumb/9/92/Hellas_Verona_FC_logo_%282020%29.svg/250px-Hellas_Verona_FC_logo_%282020%29.svg.png
306,Heracles Almelo,Heracles Almelo,Heracles_Almelo,,https://upload.wikimedia.org/wikipedia/en/thumb/9/9e/Heracles_Almelo_logo.svg/250px-Heracles_Almelo_logo.svg.png
307,Hertha BSC Berlin,Hertha BSC,Hertha_BSC,,https://upload.wikimedia.org/wikipedia/commons/thumb/8/81/Hertha_BSC_Logo_2012.svg/250px-Hertha_BSC_Logo_2012.svg.png
308,Hibernian,Hibernian F.C.,Hibernian_F.C.,,https://upload.wikimedia.org/wikipedia/en/thumb/3/37/Hibernian_FC_logo.svg/250px-Hibernian_FC_logo.svg.png
309,Hobro IK,Hobro IK,Hobro_IK,,https://upload.wikimedia.org/wikipedia/en/thumb/5/5a/Hobro_IK_logo.svg/250px-Hobro_IK_logo.svg.png
310,Hokkaido Consadole Sapporo,Hokkaido Consadole Sapporo,Hokkaido_Consadole_Sapporo,,https://upload.wikimedia.org/wikipedia/en/thumb/9/92/Hokkaido_Consadole_Sapporo_logo.svg/250px-Hokkaido_Consadole_Sapporo_logo.svg.png
311,Holstein Kiel,Holstein Kiel,Holstein_Kiel,,https://upload.wikimedia.org/wikipedia/commons/thumb/3/30/Holstein_Kiel_Logo.svg/250px-Holstein_Kiel_Logo.svg.png
312,Houston Dynamo,Houston Dynamo FC,Houston_Dynamo_FC,,https://upload.wikimedia.org/wikipedia/commons/thumb/6/66/Houston_Dynamo_FC_logo.svg/250px-Houston_Dynamo_FC_logo.svg.png
313,Huddersfield Town,Huddersfield Town A.F.C.,Huddersfield_Town_A.F.C.,,https://upload.wikimedia.org/wikipedia/en/thumb/4/43/Huddersfield_Town_AFC_crest.svg/250px-Huddersfield_Town_AFC_crest.svg.png
314,Hull City,Hull City A.F.C.,Hull_City_A.F.C.,,https://upload.wikimedia.org/wikipedia/en/thumb/5/54/Hull_City_A.F.C._logo.svg/250px-Hull_City_A.F.C._logo.svg.png
315,IF Elfsborg,IF Elfsborg,IF_Elfsborg,,https://upload.wikimedia.org/wikipedia/en/thumb/3/37/IF_Elfsborg_logo.svg/250px-IF_Elfsborg_logo.svg.png
316,IFK Göteborg,IFK Göteborg,IFK_Göteborg,,https://upload.wikimedia.org/wikipedia/en/thumb/a/a6/IFK_Goteborg_logo.svg/250px-IFK_Goteborg_logo.svg.png
317,IFK Norrköping,IFK Norrköping,IFK_Norrköping,,https://upload.wikimedia.org/wikipedia/commons/thumb/0/0f/IFK_Norrkoping_logo.svg/250px-IFK_Norrkoping_logo.svg.png
318,IK Sirius,IK Sirius Fotboll,IK_Sirius_Fotboll,,https://upload.wikimedia.org/wikipedia/en/thumb/c/cf/IK_Sirius_logo.svg/250px-IK_Sirius_logo.svg.png
319,Incheon United FC,Incheon United FC,Incheon_United_FC,,https://upload.wikimedia.org/wikipedia/en/thumb/6/66/Emblem_of_Incheon_United.svg/250px-Emblem_of_Incheon_United.svg.png
320,Independiente,Club Atlético Independiente,Club_Atlético_Independiente,,https://upload.wikimedia.org/wikipedia/commons/thumb/d/db/Escudo_del_Club_Atl%C3%A9tico_Independiente.svg/250px-Escudo_del_Club_Atl%C3%A9tico_Independiente.svg.png
321,Independiente Medellín,Independiente Medellín,Independiente_Medellín,,https://upload.wikimedia.org/wikipedia/commons/thumb/5/5f/Deportivo_Independiente_Medell%C3%ADn_escudo_2026.png/250px-Deportivo_Independiente_Medell%C3%ADn_escudo_2026.png
322,Independiente Santa Fe,Independiente Santa Fe,Independiente_Santa_Fe,,https://upload.wikimedia.org/wikipedia/commons/thumb/4/43/Independiente_Santa_Fe_logo.svg/250px-Independiente_Santa_Fe_logo.svg.png
323,Inter,Inter Milan,Inter_Milan,,https://upload.wikimedia.org/wikipedia/commons/thumb/0/05/FC_Internazionale_Milano_2021.svg/250px-FC_Internazionale_Milano_2021.svg.png
324,Ipswich Town,Ipswich Town F.C.,Ipswich_Town_F.C.,,https://upload.wikimedia.org/wikipedia/en/thumb/4/43/Ipswich_Town.svg/250px-Ipswich_Town.svg.png
325,Jagiellonia Białystok,Jagiellonia Białystok,Jagiellonia_Białystok,,https://upload.wikimedia.org/wikipedia/en/thumb/9/90/Jagiellonia_Bia%C5%82ystok_logo.svg/250px-Jagiellonia_Bia%C5%82ystok_logo.svg.png
326,Jaguares Fútbol Club,Jaguares F.C.,Jaguares_F.C.,,https://upload.wikimedia.org/wikipedia/en/thumb/9/9a/Jaguares_FC_Logo.png/250px-Jaguares_FC_Logo.png
327,Jeju United FC,Jeju SK FC,Jeju_SK_FC,,https://upload.wikimedia.org/wikipedia/en/thumb/4/47/Jeju_SK_FC.svg/250px-Jeju_SK_FC.svg.png
328,Jeonbuk Hyundai Motors,Jeonbuk Hyundai Motors,Jeonbuk_Hyundai_Motors,,https://upload.wikimedia.org/wikipedia/en/thumb/2/23/Jeonbuk_Hyundai_Motors.svg/250px-Jeonbuk_Hyundai_Motors.svg.png
329,Jeonnam Dragons,Jeonnam Dragons,Jeonnam_Dragons,,https://upload.wikimedia.org/wikipedia/en/thumb/0/08/Jeonnam_Dragons.svg/250px-Jeonnam_Dragons.svg.png
330,Juventus,Juventus FC,Juventus_FC,,https://upload.wikimedia.org/wikipedia/commons/thumb/e/ed/Juventus_FC_-_logo_black_%28Italy%2C_2020%29.svg/250px-Juventus_FC_-_logo_black_%28Italy%2C_2020%29.svg.png
331,Jönköpings Södra IF,Jönköpings Södra IF,Jönköpings_Södra_IF,,https://upload.wikimedia.org/wikipedia/en/thumb/a/a7/Jonkopings_Sodra_IF_logo.svg/250px-Jonkopings_Sodra_IF_logo.svg.png
332,Júbilo Iwata,Júbilo Iwata,Júbilo_Iwata,,https://upload.wikimedia.org/wikipedia/en/thumb/b/b1/Jubilo_Iwata_logo.svg/250px-Jubilo_Iwata_logo.svg.png
333,KAA Gent,KAA Gent,KAA_Gent,,https://upload.wikimedia.org/wikipedia/en/thumb/f/f4/KAA_Gent_logo.svg/250px-KAA_Gent_logo.svg.png
334,KAS Eupen,KAS Eupen,KAS_Eupen,,https://upload.wikimedia.org/wikipedia/en/thumb/d/d3/Kas_Eupen_Logo.svg/250px-Kas_Eupen_Logo.svg.png
335,KRC Genk,KRC Genk,KRC_Genk,,https://upload.wikimedia.org/wikipedia/commons/thumb/7/77/Logo_KRC_Genk.png/250px-Logo_KRC_Genk.png
336,KV Kortrijk,KV Kortrijk,KV_Kortrijk,,https://upload.wikimedia.org/wikipedia/en/thumb/1/17/KV_Kortrijk_logo_2016.svg/250px-KV_Kortrijk_logo_2016.svg.png
337,KV Mechelen,KV Mechelen,KV_Mechelen,,https://upload.wikimedia.org/wikipedia/en/thumb/2/28/KV_Mechelen_logo.svg/250px-KV_Mechelen_logo.svg.png
338,KV Oostende,KV Oostende,KV_Oostende,,https://upload.wikimedia.org/wikipedia/en/thumb/8/87/KV_Oostende_logo.svg/250px-KV_Oostende_logo.svg.png
339,Kaizer Chiefs,Kaizer Chiefs F.C.,Kaizer_Chiefs_F.C.,,https://upload.wikimedia.org/wikipedia/en/thumb/1/16/Kaizer_Chiefs_logo.svg/250px-Kaizer_Chiefs_logo.svg.png
340,Kalmar FF,Kalmar FF,Kalmar_FF,,https://upload.wikimedia.org/wikipedia/en/thumb/a/af/Kalmar_FF_logo.svg/250px-Kalmar_FF_logo.svg.png
341,Kardemir Karabükspor,Kardemir Karabükspor,Kardemir_Karabükspor,,https://upload.wikimedia.org/wikipedia/en/thumb/5/51/Karabukspor.png/250px-Karabukspor.png
342,Karlsruher SC,Karlsruher SC,Karlsruher_SC,,https://upload.wikimedia.org/wikipedia/commons/thumb/c/c8/Karlsruher_SC_Logo_2.svg/250px-Karlsruher_SC_Logo_2.svg.png
343,Kashima Antlers,Kashima Antlers,Kashima_Antlers,,https://upload.wikimedia.org/wikipedia/en/thumb/3/37/Kashima_Antlers.svg/250px-Kashima_Antlers.svg.png
344,Kashiwa Reysol,Kashiwa Reysol,Kashiwa_Reysol,,https://upload.wikimedia.org/wikipedia/en/thumb/9/99/Kashiwa_Reysol_logo.svg/250px-Kashiwa_Reysol_logo.svg.png
345,Kasimpaşa SK,Kasımpaşa S.K.,Kasımpaşa_S.K.,,https://upload.wikimedia.org/wikipedia/en/thumb/1/18/Kasimpasa_logo.svg/250px-Kasimpasa_logo.svg.png
346,Kawasaki Frontale,Kawasaki Frontale,Kawasaki_Frontale,,https://upload.wikimedia.org/wikipedia/en/thumb/9/9d/Kawasaki_Frontale_logo.svg/250px-Kawasaki_Frontale_logo.svg.png
347,Kayserispor,Kayserispor,Kayserispor,,https://upload.wikimedia.org/wikipedia/en/thumb/f/f4/Kayserispor_logo.svg/250px-Kayserispor_logo.svg.png
348,Kilmarnock,Kilmarnock F.C.,Kilmarnock_F.C.,,https://upload.wikimedia.org/wikipedia/en/thumb/3/38/Kilmarnock_FC_crest.svg/250px-Kilmarnock_FC_crest.svg.png
349,Korona Kielce,Korona Kielce,Korona_Kielce,,https://upload.wikimedia.org/wikipedia/en/thumb/f/fc/Korona_Kielce_crest.png/250px-Korona_Kielce_crest.png
350,Kristiansund BK,Kristiansund BK,Kristiansund_BK,,https://upload.wikimedia.org/wikipedia/en/thumb/a/a6/Kristiansund_BK_logo.svg/250px-Kristiansund_BK_logo.svg.png
351,LA Galaxy,LA Galaxy,LA_Galaxy,,https://upload.wikimedia.org/wikipedia/commons/thumb/7/70/Los_Angeles_Galaxy_logo.svg/250px-Los_Angeles_Galaxy_logo.svg.png
352,LASK Linz,LASK,LASK,,https://upload.wikimedia.org/wikipedia/commons/thumb/a/a2/LASK-Logo_2023.svg/250px-LASK-Logo_2023.svg.png
353,LOSC Lille,Lille OSC,Lille_OSC,,https://upload.wikimedia.org/wikipedia/en/thumb/3/3f/Lille_OSC_2018_logo.svg/250px-Lille_OSC_2018_logo.svg.png
354,La Berrichonne de Châteauroux,LB Châteauroux,LB_Châteauroux,,https://upload.wikimedia.org/wikipedia/en/thumb/a/a6/LB_Chateauroux_logo.svg/250px-LB_Chateauroux_logo.svg.png
355,La Equidad,La Equidad,La_Equidad,,https://upload.wikimedia.org/wikipedia/commons/thumb/a/a3/La_Equidad_Seguros_logo.svg/250px-La_Equidad_Seguros_logo.svg.png
356,La Spezia,Spezia Calcio,Spezia_Calcio,,https://upload.wikimedia.org/wikipedia/en/thumb/6/6f/Spezia_Calcio_crest.svg/250px-Spezia_Calcio_crest.svg.png
357,Lazio,SS Lazio,SS_Lazio,,https://upload.wikimedia.org/wikipedia/en/thumb/c/ce/S.S._Lazio_badge.svg/250px-S.S._Lazio_badge.svg.png
358,Le Havre AC,Le Havre AC,Le_Havre_AC,,https://upload.wikimedia.org/wikipedia/en/thumb/f/fc/Le_Havre_AC_logo.svg/250px-Le_Havre_AC_logo.svg.png
359,Lech Poznań,Lech Poznań,Lech_Poznań,,https://upload.wikimedia.org/wikipedia/en/thumb/b/b0/KKS_Lech_Pozna%C5%84.svg/250px-KKS_Lech_Pozna%C5%84.svg.png
360,Lechia Gdańsk,Lechia Gdańsk,Lechia_Gdańsk,,https://upload.wikimedia.org/wikipedia/en/thumb/b/b7/Lechia_Gda%C5%84sk_logo.svg/250px-Lechia_Gda%C5%84sk_logo.svg.png
361,Leeds United,Leeds United F.C.,Leeds_United_F.C.,,https://upload.wikimedia.org/wikipedia/en/thumb/5/54/Leeds_United_F.C._logo.svg/250px-Leeds_United_F.C._logo.svg.png
362,Legia Warszawa,Legia Warsaw,Legia_Warsaw,,https://upload.wikimedia.org/wikipedia/en/thumb/6/6d/Legia_Warsaw_logo.svg/250px-Legia_Warsaw_logo.svg.png
363,Leicester City,Leicester City F.C.,Leicester_City_F.C.,,https://upload.wikimedia.org/wikipedia/en/thumb/2/2d/Leicester_City_crest.svg/250px-Leicester_City_crest.svg.png
364,Levante UD,Levante UD,Levante_UD,,https://upload.wikimedia.org/wikipedia/en/thumb/7/7b/Levante_Uni%C3%B3n_Deportiva%2C_S.A.D._logo.svg/250px-Levante_Uni%C3%B3n_Deportiva%2C_S.A.D._logo.svg.png
365,Lillestrøm SK,Lillestrøm SK,Lillestrøm_SK,,https://upload.wikimedia.org/wikipedia/commons/thumb/0/04/Lillestrom_SK_logo.svg/250px-Lillestrom_SK_logo.svg.png
366,Limerick FC,Limerick F.C.,Limerick_F.C.,,https://upload.wikimedia.org/wikipedia/commons/thumb/2/21/Solid_black.svg/1280px-Solid_black.svg.png
367,Lincoln City,Lincoln City F.C.,Lincoln_City_F.C.,,https://upload.wikimedia.org/wikipedia/en/thumb/3/39/Lincoln_City_FC_2024_crest.svg/120px-Lincoln_City_FC_2024_crest.svg.png
368,Liverpool,Liverpool F.C.,Liverpool_F.C.,,https://upload.wikimedia.org/wikipedia/en/thumb/0/0c/Liverpool_FC.svg/250px-Liverpool_FC.svg.png
369,Lobos de la BUAP,Lobos BUAP,Lobos_BUAP,,https://upload.wikimedia.org/wikipedia/en/thumb/0/01/Lobos_BUAP_logo.png/250px-Lobos_BUAP_logo.png
370,Lokomotiv Moscow,FC Lokomotiv Moscow,FC_Lokomotiv_Moscow,,https://upload.wikimedia.org/wikipedia/en/thumb/9/93/FC_Lokomotiv_Moscow_logo.svg/250px-FC_Lokomotiv_Moscow_logo.svg.png
371,Lorca Deportiva CF,CF Lorca Deportiva,CF_Lorca_Deportiva,,https://upload.wikimedia.org/wikipedia/en/thumb/7/7a/CF_Lorca_Deportiva_2012.png/250px-CF_Lorca_Deportiva_2012.png
372,Luton Town,Luton Town F.C.,Luton_Town_F.C.,,https://upload.wikimedia.org/wikipedia/en/thumb/9/9d/Luton_Town_logo.svg/250px-Luton_Town_logo.svg.png
373,Lyngby BK,Lyngby Boldklub,Lyngby_Boldklub,,https://upload.wikimedia.org/wikipedia/en/thumb/6/60/Lyngby_Boldklub_logo_2024.svg/250px-Lyngby_Boldklub_logo_2024.svg.png
374,MSV Duisburg,MSV Duisburg,MSV_Duisburg,,https://upload.wikimedia.org/wikipedia/en/thumb/c/c8/Msv_duisburg%28new%29.svg/250px-Msv_duisburg%28new%29.svg.png
375,Malmö FF,Malmö FF,Malmö_FF,,https://upload.wikimedia.org/wikipedia/commons/thumb/e/ef/Malmo_FF_logo.svg/250px-Malmo_FF_logo.svg.png
376,Manchester City,Manchester City F.C.,Manchester_City_F.C.,,https://upload.wikimedia.org/wikipedia/en/thumb/e/eb/Manchester_City_FC_badge.svg/250px-Manchester_City_FC_badge.svg.png
377,Manchester United,Manchester United F.C.,Manchester_United_F.C.,,https://upload.wikimedia.org/wikipedia/en/thumb/7/7a/Manchester_United_FC_crest.svg/250px-Manchester_United_FC_crest.svg.png
378,Mansfield Town,Mansfield Town F.C.,Mansfield_Town_F.C.,,https://upload.wikimedia.org/wikipedia/en/thumb/7/7d/Mansfield_Town_FC.svg/250px-Mansfield_Town_FC.svg.png
379,Medicana Sivasspor,Sivasspor,Sivasspor,,https://upload.wikimedia.org/wikipedia/en/thumb/2/20/Sivasspor_logo.svg/250px-Sivasspor_logo.svg.png
380,Melbourne City,Melbourne City FC,Melbourne_City_FC,,https://upload.wikimedia.org/wikipedia/en/thumb/0/0f/Melbourne_City_FC.svg/250px-Melbourne_City_FC.svg.png
381,Melbourne Victory,Melbourne Victory FC,Melbourne_Victory_FC,,https://upload.wikimedia.org/wikipedia/en/thumb/9/95/Melbourne_Victory.svg/250px-Melbourne_Victory.svg.png
382,Middlesbrough,Middlesbrough F.C.,Middlesbrough_F.C.,,https://upload.wikimedia.org/wikipedia/en/thumb/2/2c/Middlesbrough_FC_crest.svg/250px-Middlesbrough_FC_crest.svg.png
383,Milan,AC Milan,AC_Milan,,https://upload.wikimedia.org/wikipedia/commons/thumb/d/d0/Logo_of_AC_Milan.svg/250px-Logo_of_AC_Milan.svg.png
384,Millwall,Millwall F.C.,Millwall_F.C.,,https://upload.wikimedia.org/wikipedia/en/thumb/9/98/Millwall_FC_crest.svg/250px-Millwall_FC_crest.svg.png
385,Milton Keynes Dons,Milton Keynes Dons F.C.,Milton_Keynes_Dons_F.C.,,https://upload.wikimedia.org/wikipedia/en/thumb/e/e5/Milton_Keynes_Dons_FC_2025_crest.svg/250px-Milton_Keynes_Dons_FC_2025_crest.svg.png
386,Minnesota Thunder,Minnesota Thunder,Minnesota_Thunder,,https://upload.wikimedia.org/wikipedia/en/e/e9/Crest_Thunder2.png
387,Molde FK,Molde FK 2,Molde_FK_2,,https://upload.wikimedia.org/wikipedia/commons/thumb/5/57/Molde_Fotball_Logo.svg/250px-Molde_Fotball_Logo.svg.png
388,Monarcas Morelia,Atlético Morelia,Atlético_Morelia,,https://upload.wikimedia.org/wikipedia/en/thumb/e/e1/Atl%C3%A9tico_Morelia_logo.svg/250px-Atl%C3%A9tico_Morelia_logo.svg.png
389,Monterrey,C.F. Monterrey,C.F._Monterrey,,https://upload.wikimedia.org/wikipedia/commons/thumb/1/18/Club_de_F%C3%BAtbol_Monterrey_logo.svg/250px-Club_de_F%C3%BAtbol_Monterrey_logo.svg.png
390,Montpellier Hérault SC,Montpellier HSC,Montpellier_HSC,,https://upload.wikimedia.org/wikipedia/en/thumb/a/a8/Montpellier_HSC_logo.svg/250px-Montpellier_HSC_logo.svg.png
391,Montreal Impact,CF Montréal,CF_Montréal,,https://upload.wikimedia.org/wikipedia/commons/thumb/f/fe/Logo_of_CF_Montreal_2023.svg/250px-Logo_of_CF_Montreal_2023.svg.png
392,Morecambe,Morecambe F.C.,Morecambe_F.C.,,https://upload.wikimedia.org/wikipedia/en/thumb/e/ee/Morecambe_FC_crest.svg/250px-Morecambe_FC_crest.svg.png
393,Moreirense FC,Moreirense F.C.,Moreirense_F.C.,,https://upload.wikimedia.org/wikipedia/en/thumb/1/1b/Moreirense_Futebol_Clube_logo.svg/330px-Moreirense_Futebol_Clube_logo.svg.png
394,Motherwell,Motherwell F.C.,Motherwell_F.C.,,https://upload.wikimedia.org/wikipedia/commons/thumb/c/c8/Motherwell_FC_crest.svg/250px-Motherwell_FC_crest.svg.png
395,Málaga CF,Málaga CF,Málaga_CF,,https://upload.wikimedia.org/wikipedia/en/thumb/6/6d/M%C3%A1laga_CF.svg/250px-M%C3%A1laga_CF.svg.png
396,NAC Breda,NAC Breda,NAC_Breda,,https://upload.wikimedia.org/wikipedia/commons/thumb/c/c9/Logo_NAC_Breda.svg/250px-Logo_NAC_Breda.svg.png
397,Napoli,SSC Napoli,SSC_Napoli,,https://upload.wikimedia.org/wikipedia/commons/thumb/4/4d/SSC_Napoli_2025_%28white_and_azure%29.svg/250px-SSC_Napoli_2025_%28white_and_azure%29.svg.png
398,Necaxa,Club Necaxa,Club_Necaxa,,https://upload.wikimedia.org/wikipedia/commons/thumb/b/b5/Club_Necaxa_Logo.svg/250px-Club_Necaxa_Logo.svg.png
399,New England Revolution,New England Revolution,New_England_Revolution,,https://upload.wikimedia.org/wikipedia/commons/thumb/8/8a/Logo_of_New_England_Revolution_%282021%29.svg/250px-Logo_of_New_England_Revolution_%282021%29.svg.png
400,New York City Football Club,New York City FC,New_York_City_FC,,https://upload.wikimedia.org/wikipedia/commons/thumb/e/eb/Logo_New_York_City_FC_2025.svg/250px-Logo_New_York_City_FC_2025.svg.png
401,New York Red Bulls,New York Red Bulls,New_York_Red_Bulls,,https://upload.wikimedia.org/wikipedia/en/thumb/5/51/New_York_Red_Bulls_logo.svg/250px-New_York_Red_Bulls_logo.svg.png
402,Newcastle Jets,Newcastle Jets FC,Newcastle_Jets_FC,,https://upload.wikimedia.org/wikipedia/en/thumb/d/d5/Newcastle_United_Jets_Logo.svg/250px-Newcastle_United_Jets_Logo.svg.png
403,Newcastle United,Newcastle United F.C.,Newcastle_United_F.C.,,https://upload.wikimedia.org/wikipedia/en/thumb/5/56/Newcastle_United_Logo.svg/250px-Newcastle_United_Logo.svg.png
404,Newell's Old Boys,Newell's Old Boys,Newell's_Old_Boys,,https://upload.wikimedia.org/wikipedia/commons/thumb/6/69/Escudo_del_Club_Atl%C3%A9tico_Newell%27s_Old_Boys_de_Rosario.svg/250px-Escudo_del_Club_Atl%C3%A9tico_Newell%27s_Old_Boys_de_Rosario.svg.png
405,Newport County,Newport County A.F.C.,Newport_County_A.F.C.,,https://upload.wikimedia.org/wikipedia/en/thumb/4/44/Newport_County_AFC_crest.svg/250px-Newport_County_AFC_crest.svg.png
406,Northampton Town,Northampton Town F.C.,Northampton_Town_F.C.,,https://upload.wikimedia.org/wikipedia/en/thumb/2/2d/Northampton_Town_F.C._logo.svg/250px-Northampton_Town_F.C._logo.svg.png
407,Norwich City,Norwich City F.C.,Norwich_City_F.C.,,https://upload.wikimedia.org/wikipedia/en/thumb/1/17/Norwich_City_FC_logo.svg/250px-Norwich_City_FC_logo.svg.png
408,Nottingham Forest,Nottingham Forest F.C.,Nottingham_Forest_F.C.,,https://upload.wikimedia.org/wikipedia/en/thumb/e/e5/Nottingham_Forest_F.C._logo.svg/120px-Nottingham_Forest_F.C._logo.svg.png
409,Notts County,Notts County F.C.,Notts_County_F.C.,,https://upload.wikimedia.org/wikipedia/en/thumb/2/2e/Notts_County_Logo.svg/250px-Notts_County_Logo.svg.png
410,Novara,Novara FC,Novara_FC,,https://upload.wikimedia.org/wikipedia/en/thumb/9/9a/Novara_FC_crest.svg/250px-Novara_FC_crest.svg.png
411,Nîmes Olympique,Nîmes Olympique,Nîmes_Olympique,,https://upload.wikimedia.org/wikipedia/en/thumb/0/05/N%C3%AEmes_Olympique_2018_logo.svg/250px-N%C3%AEmes_Olympique_2018_logo.svg.png
412,OGC Nice,OGC Nice,OGC_Nice,,https://upload.wikimedia.org/wikipedia/en/thumb/2/2e/OGC_Nice_logo.svg/250px-OGC_Nice_logo.svg.png
413,Odds BK,Odds BK,Odds_BK,,https://upload.wikimedia.org/wikipedia/en/f/f3/Odds_BK_logo.png
414,Odense Boldklub,Odense Boldklub,Odense_Boldklub,,https://upload.wikimedia.org/wikipedia/commons/thumb/0/0b/Odense_Boldklub.svg/250px-Odense_Boldklub.svg.png
415,Ohod Club,Ohod Club,Ohod_Club,,https://upload.wikimedia.org/wikipedia/commons/thumb/2/21/Solid_black.svg/1280px-Solid_black.svg.png
416,Oldham Athletic,Oldham Athletic A.F.C.,Oldham_Athletic_A.F.C.,,https://upload.wikimedia.org/wikipedia/en/thumb/a/a2/Oldham_Athletic_AFC_%28emblem%29.svg/120px-Oldham_Athletic_AFC_%28emblem%29.svg.png
417,Olympiakos CFP,Olympiacos F.C.,Olympiacos_F.C.,,https://upload.wikimedia.org/wikipedia/en/thumb/a/a2/Olympiacos_FC_crest.svg/250px-Olympiacos_FC_crest.svg.png
418,Olympique Lyonnais,Olympique Lyonnais,Olympique_Lyonnais,,https://upload.wikimedia.org/wikipedia/en/thumb/1/1c/Olympique_Lyonnais_logo.svg/250px-Olympique_Lyonnais_logo.svg.png
419,Olympique de Marseille,Olympique de Marseille,Olympique_de_Marseille,,https://upload.wikimedia.org/wikipedia/commons/thumb/4/4f/Olympique_de_Marseille_2026_logo.svg/250px-Olympique_de_Marseille_2026_logo.svg.png
420,Omiya Ardija,RB Omiya Ardija,RB_Omiya_Ardija,,https://upload.wikimedia.org/wikipedia/en/thumb/d/d4/RB_Omiya_Ardija_crest.svg/330px-RB_Omiya_Ardija_crest.svg.png
421,Orlando City Soccer Club,Orlando City SC,Orlando_City_SC,,https://upload.wikimedia.org/wikipedia/en/thumb/6/6a/Orlando_City_2014.svg/250px-Orlando_City_2014.svg.png
422,Orlando Pirates,Orlando Pirates F.C.,Orlando_Pirates_F.C.,,https://upload.wikimedia.org/wikipedia/en/thumb/9/95/Orlando_Pirates_FC_logo.svg/250px-Orlando_Pirates_FC_logo.svg.png
423,Osmanlıspor,Ankaraspor,Ankaraspor,,https://upload.wikimedia.org/wikipedia/en/7/7b/Ankaraspor_logo.png
424,Oxford United,Oxford United F.C.,Oxford_United_F.C.,,https://upload.wikimedia.org/wikipedia/en/thumb/3/3e/Oxford_United_FC_logo.svg/250px-Oxford_United_FC_logo.svg.png
425,PAOK Thessaloniki,PAOK FC,PAOK_FC,,https://upload.wikimedia.org/wikipedia/en/thumb/e/e6/PAOK_FC_EMBLEM.png/250px-PAOK_FC_EMBLEM.png
426,PEC Zwolle,PEC Zwolle,PEC_Zwolle,,https://upload.wikimedia.org/wikipedia/en/thumb/f/f3/PEC_Zwolle_logo.svg/250px-PEC_Zwolle_logo.svg.png
427,PSV,PSV Eindhoven,PSV_Eindhoven,,https://upload.wikimedia.org/wikipedia/en/thumb/0/05/PSV_Eindhoven.svg/250px-PSV_Eindhoven.svg.png
428,Pachuca,C.F. Pachuca,C.F._Pachuca,,https://upload.wikimedia.org/wikipedia/en/thumb/9/93/Pachuca_Tuzos_logo.svg/250px-Pachuca_Tuzos_logo.svg.png
429,Palermo,Palermo FC,Palermo_FC,,https://upload.wikimedia.org/wikipedia/en/thumb/d/df/Palermo_Calcio_logo_%282019%29.svg/250px-Palermo_Calcio_logo_%282019%29.svg.png
430,Panathinaikos FC,Panathinaikos F.C.,Panathinaikos_F.C.,,https://upload.wikimedia.org/wikipedia/en/thumb/8/84/Panathinaikos_F.C._logo.svg/250px-Panathinaikos_F.C._logo.svg.png
431,Paris FC,Paris FC,Paris_FC,,https://upload.wikimedia.org/wikipedia/en/thumb/9/9f/Paris_FC_logo.svg/250px-Paris_FC_logo.svg.png
432,Paris Saint-Germain,Paris Saint-Germain FC,Paris_Saint-Germain_FC,,https://upload.wikimedia.org/wikipedia/en/thumb/a/a7/Paris_Saint-Germain_F.C..svg/250px-Paris_Saint-Germain_F.C..svg.png
433,Parma,Parma Calcio 1913,Parma_Calcio_1913,,https://upload.wikimedia.org/wikipedia/commons/thumb/9/97/Logo_Parma_Calcio_1913_%28adozione_2016%29.svg/250px-Logo_Parma_Calcio_1913_%28adozione_2016%29.svg.png
434,Partick Thistle F.C.,Partick Thistle F.C.,Partick_Thistle_F.C.,,https://upload.wikimedia.org/wikipedia/en/thumb/5/5c/Partick_Thistle_FC_logo.svg/250px-Partick_Thistle_FC_logo.svg.png
435,Patriotas Boyacá FC,Patriotas Boyacá,Patriotas_Boyacá,,https://upload.wikimedia.org/wikipedia/en/thumb/b/b2/Patriotas_logo.png/250px-Patriotas_logo.png
436,Perth Glory,Perth Glory FC,Perth_Glory_FC,,https://upload.wikimedia.org/wikipedia/en/thumb/8/87/Perth_Glory_FC_logo.svg/250px-Perth_Glory_FC_logo.svg.png
437,Perugia,AC Perugia Calcio,AC_Perugia_Calcio,,https://upload.wikimedia.org/wikipedia/en/thumb/0/08/Ac_Perugia_logo.svg/250px-Ac_Perugia_logo.svg.png
438,Pescara,Delfino Pescara 1936,Delfino_Pescara_1936,,https://upload.wikimedia.org/wikipedia/en/thumb/0/06/Delfino_Pescara_logo.svg/250px-Delfino_Pescara_logo.svg.png
439,Peterborough United,Peterborough United F.C.,Peterborough_United_F.C.,,https://upload.wikimedia.org/wikipedia/commons/thumb/9/97/Peterborough_United%27s_new_badge.svg/250px-Peterborough_United%27s_new_badge.svg.png
440,Philadelphia Union,Philadelphia Union,Philadelphia_Union,,https://upload.wikimedia.org/wikipedia/en/thumb/4/46/Philadelphia_Union_2018_logo.svg/250px-Philadelphia_Union_2018_logo.svg.png
441,Piast Gliwice,Piast Gliwice,Piast_Gliwice,,https://upload.wikimedia.org/wikipedia/en/thumb/f/f6/GKS_Piast_Gliwice.svg/250px-GKS_Piast_Gliwice.svg.png
442,Plymouth Argyle,Plymouth Argyle F.C.,Plymouth_Argyle_F.C.,,https://upload.wikimedia.org/wikipedia/en/thumb/a/a8/Plymouth_Argyle_F.C._logo.svg/250px-Plymouth_Argyle_F.C._logo.svg.png
443,Pogoń Szczecin,Pogoń Szczecin,Pogoń_Szczecin,,https://upload.wikimedia.org/wikipedia/en/thumb/5/55/Pogon_Szczecin_logo.svg/250px-Pogon_Szczecin_logo.svg.png
444,Pohang Steelers,Pohang Steelers,Pohang_Steelers,,https://upload.wikimedia.org/wikipedia/en/thumb/4/46/Pohang_Steelers_emblem_%285_stars%29.svg/250px-Pohang_Steelers_emblem_%285_stars%29.svg.png
445,Port Vale,Port Vale F.C.,Port_Vale_F.C.,,https://upload.wikimedia.org/wikipedia/en/thumb/5/5f/Port_Vale_logo.svg/250px-Port_Vale_logo.svg.png
446,Portimonense SC,Portimonense S.C.,Portimonense_S.C.,,https://upload.wikimedia.org/wikipedia/en/thumb/c/c0/Portimonense_Sporting_Clube_logo.svg/250px-Portimonense_Sporting_Clube_logo.svg.png
447,Portland Timbers,Portland Timbers,Portland_Timbers,,https://upload.wikimedia.org/wikipedia/commons/thumb/3/35/Portland_Timbers_logo.svg/250px-Portland_Timbers_logo.svg.png
448,Portsmouth,Portsmouth F.C.,Portsmouth_F.C.,,https://upload.wikimedia.org/wikipedia/en/thumb/3/38/Portsmouth_FC_logo.svg/250px-Portsmouth_FC_logo.svg.png
449,Preston North End,Preston North End F.C.,Preston_North_End_F.C.,,https://upload.wikimedia.org/wikipedia/en/thumb/8/82/Preston_North_End_FC.svg/250px-Preston_North_End_FC.svg.png
450,Puebla,Club Puebla,Club_Puebla,,https://upload.wikimedia.org/wikipedia/en/thumb/5/5d/Club_Puebla_logo.svg/250px-Club_Puebla_logo.svg.png
451,Queens Park Rangers,Queens Park Rangers F.C.,Queens_Park_Rangers_F.C.,,https://upload.wikimedia.org/wikipedia/en/thumb/3/31/Queens_Park_Rangers_crest.svg/250px-Queens_Park_Rangers_crest.svg.png
452,Querétaro,Querétaro F.C.,Querétaro_F.C.,,https://upload.wikimedia.org/wikipedia/en/thumb/1/11/Quer%C3%A9taro_F.C._logo.svg/250px-Quer%C3%A9taro_F.C._logo.svg.png
453,RB Leipzig,RB Leipzig,RB_Leipzig,,https://upload.wikimedia.org/wikipedia/en/thumb/0/04/RB_Leipzig_2014_logo.svg/330px-RB_Leipzig_2014_logo.svg.png
454,RC Celta de Vigo,RC Celta de Vigo,RC_Celta_de_Vigo,,https://upload.wikimedia.org/wikipedia/en/thumb/1/12/RC_Celta_de_Vigo_logo.svg/250px-RC_Celta_de_Vigo_logo.svg.png
455,RC Deportivo de La Coruña,Deportivo de A Coruña,Deportivo_de_A_Coruña,,https://upload.wikimedia.org/wikipedia/en/thumb/5/56/RC_Deportivo_A_Coru%C3%B1a_logo_2026.svg/250px-RC_Deportivo_A_Coru%C3%B1a_logo_2026.svg.png
456,RC Lens,RC Lens,RC_Lens,,https://upload.wikimedia.org/wikipedia/en/thumb/c/cc/RC_Lens_logo.svg/250px-RC_Lens_logo.svg.png
457,RC Strasbourg,RC Strasbourg Alsace,RC_Strasbourg_Alsace,,https://upload.wikimedia.org/wikipedia/en/thumb/8/80/Racing_Club_de_Strasbourg_logo.svg/250px-Racing_Club_de_Strasbourg_logo.svg.png
458,RCD Espanyol,RCD Espanyol,RCD_Espanyol,,https://upload.wikimedia.org/wikipedia/en/thumb/9/92/RCD_Espanyol_crest.svg/250px-RCD_Espanyol_crest.svg.png
459,RSC Anderlecht,RSC Anderlecht,RSC_Anderlecht,,https://upload.wikimedia.org/wikipedia/en/thumb/7/77/R.S.C._Anderlecht.svg/250px-R.S.C._Anderlecht.svg.png
460,Racing Club de Avellaneda,Racing Club de Avellaneda,Racing_Club_de_Avellaneda,,https://upload.wikimedia.org/wikipedia/commons/thumb/5/56/Escudo_de_Racing_Club_%282014%29.svg/250px-Escudo_de_Racing_Club_%282014%29.svg.png
461,Randers FC,Randers FC,Randers_FC,,https://upload.wikimedia.org/wikipedia/en/thumb/b/b7/Randers_FC_logo.svg/250px-Randers_FC_logo.svg.png
462,Rangers,Rangers F.C.,Rangers_F.C.,,https://upload.wikimedia.org/wikipedia/en/thumb/4/43/Rangers_FC.svg/250px-Rangers_FC.svg.png
463,Rayo Vallecano,Rayo Vallecano,Rayo_Vallecano,,https://upload.wikimedia.org/wikipedia/en/thumb/d/d8/Rayo_Vallecano_logo.svg/250px-Rayo_Vallecano_logo.svg.png
464,Reading,Reading F.C.,Reading_F.C.,,https://upload.wikimedia.org/wikipedia/en/thumb/1/11/Reading_FC.svg/250px-Reading_FC.svg.png
465,Real Betis Balompié,Real Betis,Real_Betis,,https://upload.wikimedia.org/wikipedia/en/thumb/5/52/Real_Betis_September_2022_Logo_Update.png/250px-Real_Betis_September_2022_Logo_Update.png
466,Real Madrid CF,Real Madrid CF,Real_Madrid_CF,,https://upload.wikimedia.org/wikipedia/en/thumb/5/56/Real_Madrid_CF.svg/500px-Real_Madrid_CF.svg.png
467,Real Oviedo,Real Oviedo,Real_Oviedo,,https://upload.wikimedia.org/wikipedia/en/thumb/6/6e/Real_Oviedo_logo.svg/250px-Real_Oviedo_logo.svg.png
468,Real Salt Lake,Real Salt Lake,Real_Salt_Lake,,https://upload.wikimedia.org/wikipedia/en/thumb/5/54/Real_Salt_Lake_2010.svg/250px-Real_Salt_Lake_2010.svg.png
469,Real Sociedad,Real Sociedad,Real_Sociedad,,https://upload.wikimedia.org/wikipedia/en/thumb/f/f1/Real_Sociedad_logo.svg/250px-Real_Sociedad_logo.svg.png
470,Real Sporting de Gijón,Sporting de Gijón,Sporting_de_Gijón,,https://upload.wikimedia.org/wikipedia/en/thumb/4/48/Real_Sporting_de_Gijon.svg/250px-Real_Sporting_de_Gijon.svg.png
471,Real Valladolid,Real Valladolid,Real_Valladolid,,https://upload.wikimedia.org/wikipedia/en/thumb/a/a9/Real_Valladolid_CF_crest.svg/250px-Real_Valladolid_CF_crest.svg.png
472,Real Zaragoza,Real Zaragoza,Real_Zaragoza,,https://upload.wikimedia.org/wikipedia/en/thumb/6/69/Real_Zaragoza_logo.svg/250px-Real_Zaragoza_logo.svg.png
473,Rio Ave FC,Rio Ave F.C.,Rio_Ave_F.C.,,https://upload.wikimedia.org/wikipedia/en/thumb/0/0c/Rio_Ave_FC_logo.svg/250px-Rio_Ave_FC_logo.svg.png
474,River Plate,Club Atlético River Plate,Club_Atlético_River_Plate,,https://upload.wikimedia.org/wikipedia/commons/thumb/4/43/Club_Atl%C3%A9tico_River_Plate_logo.svg/250px-Club_Atl%C3%A9tico_River_Plate_logo.svg.png
475,Rochdale,Rochdale A.F.C.,Rochdale_A.F.C.,,https://upload.wikimedia.org/wikipedia/en/thumb/b/bb/Rochdale_AFC_crest.svg/250px-Rochdale_AFC_crest.svg.png
476,Roda JC Kerkrade,Roda JC Kerkrade,Roda_JC_Kerkrade,,https://upload.wikimedia.org/wikipedia/en/thumb/0/06/Roda_JC_Kerkrade_logo.svg/250px-Roda_JC_Kerkrade_logo.svg.png
477,Roma,AS Roma,AS_Roma,,https://upload.wikimedia.org/wikipedia/en/thumb/f/f7/AS_Roma_logo_%282017%29.svg/250px-AS_Roma_logo_%282017%29.svg.png
478,Rosario Central,Rosario Central,Rosario_Central,,https://upload.wikimedia.org/wikipedia/en/thumb/c/ce/Rosario_Central_logo.svg/250px-Rosario_Central_logo.svg.png
479,Rosenborg BK,Rosenborg BK,Rosenborg_BK,,https://upload.wikimedia.org/wikipedia/commons/thumb/4/40/Rosenborg_logo_RGB.svg/330px-Rosenborg_logo_RGB.svg.png
480,Ross County FC,Ross County F.C.,Ross_County_F.C.,,https://upload.wikimedia.org/wikipedia/en/thumb/4/4b/Ross_County_FC_crest.svg/250px-Ross_County_FC_crest.svg.png
481,Rot-Weiß Erfurt,FC Rot-Weiß Erfurt,FC_Rot-Weiß_Erfurt,,https://upload.wikimedia.org/wikipedia/commons/thumb/2/26/Logo_of_FC_Rot-Wei%C3%9F_Erfurt.svg/250px-Logo_of_FC_Rot-Wei%C3%9F_Erfurt.svg.png
482,Rotherham United,Rotherham United F.C.,Rotherham_United_F.C.,,https://upload.wikimedia.org/wikipedia/en/thumb/4/42/Rotherham_United_F.C._svg.svg/250px-Rotherham_United_F.C._svg.svg.png
483,Royal Antwerp FC,Royal Antwerp FC,Royal_Antwerp_FC,,https://upload.wikimedia.org/wikipedia/en/thumb/0/0b/Royal_Antwerp_Football_Club_logo.svg/250px-Royal_Antwerp_Football_Club_logo.svg.png
484,Royal Excel Mouscron,Royal Excel Mouscron,Royal_Excel_Mouscron,,https://upload.wikimedia.org/wikipedia/en/thumb/f/f1/Royal_Excel_Mouscron_logo.svg/250px-Royal_Excel_Mouscron_logo.svg.png
485,Rubin Kazan,FC Rubin Kazan,FC_Rubin_Kazan,,https://upload.wikimedia.org/wikipedia/en/thumb/3/32/FC_Rubin_Kazan_logo.svg/250px-FC_Rubin_Kazan_logo.svg.png
486,SC Braga,S.C. Braga,S.C._Braga,,https://upload.wikimedia.org/wikipedia/en/thumb/7/79/S.C._Braga_logo.svg/250px-S.C._Braga_logo.svg.png
487,SC Fortuna Köln,SC Fortuna Köln,SC_Fortuna_Köln,,https://upload.wikimedia.org/wikipedia/commons/thumb/1/14/SC_Fortuna_Koeln_Logo_2019%E2%80%9306-2026.svg/250px-SC_Fortuna_Koeln_Logo_2019%E2%80%9306-2026.svg.png
488,SC Freiburg,SC Freiburg,SC_Freiburg,,https://upload.wikimedia.org/wikipedia/en/thumb/6/6d/SC_Freiburg_logo.svg/250px-SC_Freiburg_logo.svg.png
489,SC Heerenveen,SC Heerenveen,SC_Heerenveen,,https://upload.wikimedia.org/wikipedia/en/thumb/e/e1/SC_Heerenveen_logo.svg/250px-SC_Heerenveen_logo.svg.png
490,SC Paderborn 07,SC Paderborn 07,SC_Paderborn_07,,https://upload.wikimedia.org/wikipedia/commons/thumb/6/67/SC_Paderborn_07_Logo_new.svg/250px-SC_Paderborn_07_Logo_new.svg.png
491,SC Preußen Münster,SC Preußen Münster,SC_Preußen_Münster,,https://upload.wikimedia.org/wikipedia/en/thumb/1/1c/SC_Preu%C3%9Fen_M%C3%BCnster_logo_%282018%29.svg/250px-SC_Preu%C3%9Fen_M%C3%BCnster_logo_%282018%29.svg.png
492,SCR Altach,SC Rheindorf Altach,SC_Rheindorf_Altach,,https://upload.wikimedia.org/wikipedia/en/thumb/7/78/SC_Rheindorf_Altach_logo.svg/250px-SC_Rheindorf_Altach_logo.svg.png
493,SD Eibar,SD Eibar,SD_Eibar,,https://upload.wikimedia.org/wikipedia/en/thumb/3/3b/SD_Eibar_logo_2016.svg/250px-SD_Eibar_logo_2016.svg.png
494,SD Huesca,SD Huesca,SD_Huesca,,https://upload.wikimedia.org/wikipedia/en/thumb/8/8a/Logo_of_SD_Huesca.svg/250px-Logo_of_SD_Huesca.svg.png
495,SG Dynamo Dresden,Dynamo Dresden,Dynamo_Dresden,,https://upload.wikimedia.org/wikipedia/en/thumb/d/df/Dynamo_Dresden_crest.svg/250px-Dynamo_Dresden_crest.svg.png
496,SG Sonnenhof Großaspach,SG Sonnenhof Großaspach,SG_Sonnenhof_Großaspach,,https://upload.wikimedia.org/wikipedia/en/thumb/a/a4/SG_Sonnenhof_Gro%C3%9Faspach_logo.svg/250px-SG_Sonnenhof_Gro%C3%9Faspach_logo.svg.png
497,SK Brann,SK Brann,SK_Brann,,https://upload.wikimedia.org/wikipedia/commons/thumb/7/71/Brann_logo.svg/330px-Brann_logo.svg.png
498,SK Rapid Wien,SK Rapid Wien,SK_Rapid_Wien,,https://upload.wikimedia.org/wikipedia/commons/thumb/b/bf/SK_Rapid_Wien_Logo.svg/250px-SK_Rapid_Wien_Logo.svg.png
499,SK Sturm Graz,SK Sturm Graz,SK_Sturm_Graz,,https://upload.wikimedia.org/wikipedia/en/thumb/9/91/SK_Sturm_Graz_logo.svg/250px-SK_Sturm_Graz_logo.svg.png
500,SKN St. Pölten,SKN St. Pölten,SKN_St._Pölten,,https://upload.wikimedia.org/wikipedia/en/thumb/b/ba/SKN_St._P%C3%B6lten_logo.svg/250px-SKN_St._P%C3%B6lten_logo.svg.png
501,SL Benfica,S.L. Benfica,S.L._Benfica,,https://upload.wikimedia.org/wikipedia/en/thumb/a/a2/SL_Benfica_logo.svg/500px-SL_Benfica_logo.svg.png
502,SM Caen,Stade Malherbe Caen,Stade_Malherbe_Caen,,https://upload.wikimedia.org/wikipedia/en/thumb/a/aa/SM_Caen_2016_logo.svg/250px-SM_Caen_2016_logo.svg.png
503,SV Darmstadt 98,SV Darmstadt 98,SV_Darmstadt_98,,https://upload.wikimedia.org/wikipedia/en/thumb/9/92/SV_Darmstadt_98_logo.svg/250px-SV_Darmstadt_98_logo.svg.png
504,SV Mattersburg,SV Mattersburg,SV_Mattersburg,,https://upload.wikimedia.org/wikipedia/en/thumb/c/c1/SV_Mattersburg_logo.svg/250px-SV_Mattersburg_logo.svg.png
505,SV Meppen,SV Meppen,SV_Meppen,,https://upload.wikimedia.org/wikipedia/commons/thumb/f/f0/SV_Meppen_Logo_2022.svg/250px-SV_Meppen_Logo_2022.svg.png
506,SV Sandhausen,SV Sandhausen,SV_Sandhausen,,https://upload.wikimedia.org/wikipedia/commons/thumb/d/d3/SV_Sandhausen.svg/250px-SV_Sandhausen.svg.png
507,SV Wehen Wiesbaden,SV Wehen Wiesbaden,SV_Wehen_Wiesbaden,,https://upload.wikimedia.org/wikipedia/en/thumb/0/0d/SV_Wehen_Wiesbaden_logo.svg/250px-SV_Wehen_Wiesbaden_logo.svg.png
508,SV Werder Bremen,SV Werder Bremen,SV_Werder_Bremen,,https://upload.wikimedia.org/wikipedia/commons/thumb/b/be/SV-Werder-Bremen-Logo.svg/250px-SV-Werder-Bremen-Logo.svg.png
509,SV Zulte-Waregem,SV Zulte Waregem,SV_Zulte_Waregem,,https://upload.wikimedia.org/wikipedia/en/thumb/6/67/Zulte-Waregem_logo.svg/250px-Zulte-Waregem_logo.svg.png
510,Sagan Tosu,Sagan Tosu,Sagan_Tosu,,https://upload.wikimedia.org/wikipedia/en/thumb/c/c1/Sagan_Tosu_logo.svg/250px-Sagan_Tosu_logo.svg.png
511,Salernitana,US Salernitana 1919,US_Salernitana_1919,,https://upload.wikimedia.org/wikipedia/en/thumb/8/85/US_Salernitana_1919_logo.svg/250px-US_Salernitana_1919_logo.svg.png
512,Sampdoria,UC Sampdoria,UC_Sampdoria,,https://upload.wikimedia.org/wikipedia/en/thumb/d/d2/U.C._Sampdoria_logo.svg/250px-U.C._Sampdoria_logo.svg.png
513,San Jose Earthquakes,San Jose Earthquakes,San_Jose_Earthquakes,,https://upload.wikimedia.org/wikipedia/en/thumb/9/98/San_Jose_Earthquakes_2014.svg/250px-San_Jose_Earthquakes_2014.svg.png
514,San Lorenzo de Almagro,San Lorenzo de Almagro,San_Lorenzo_de_Almagro,,https://upload.wikimedia.org/wikipedia/commons/thumb/9/9d/Sanlorenzo_almagro_logo2026.png/250px-Sanlorenzo_almagro_logo2026.png
515,San Luis de Quillota,San Luis de Quillota,San_Luis_de_Quillota,,https://upload.wikimedia.org/wikipedia/commons/thumb/7/7a/LOGO_SAN_LUIS_DE_QUILLOTA_OFICIAL.png/250px-LOGO_SAN_LUIS_DE_QUILLOTA_OFICIAL.png
516,San Martín de San Juan,San Martín de San Juan,San_Martín_de_San_Juan,,https://upload.wikimedia.org/wikipedia/commons/thumb/5/57/San_Mart%C3%ADn_de_San_Juan.png/250px-San_Mart%C3%ADn_de_San_Juan.png
517,Sandecja Nowy Sącz,Sandecja Nowy Sącz,Sandecja_Nowy_Sącz,,https://upload.wikimedia.org/wikipedia/commons/thumb/0/06/Sandecja_Nowy_S%C4%85cz.svg/250px-Sandecja_Nowy_S%C4%85cz.svg.png
518,Sandefjord Fotball,Sandefjord Fotball,Sandefjord_Fotball,,https://upload.wikimedia.org/wikipedia/en/thumb/e/e6/Sandefjord_Fotball_logo.svg/250px-Sandefjord_Fotball_logo.svg.png
519,Sanfrecce Hiroshima,Sanfrecce Hiroshima,Sanfrecce_Hiroshima,,https://upload.wikimedia.org/wikipedia/en/thumb/e/e9/Sanfrecce_Hiroshima_logo.svg/250px-Sanfrecce_Hiroshima_logo.svg.png
520,Sangju Sangmu FC,Gimcheon Sangmu FC,Gimcheon_Sangmu_FC,,https://upload.wikimedia.org/wikipedia/en/thumb/1/19/Gimcheon_Sangmu_FC.svg/250px-Gimcheon_Sangmu_FC.svg.png
521,Santiago Wanderers,Santiago Wanderers,Santiago_Wanderers,,https://upload.wikimedia.org/wikipedia/en/3/3f/Santiago_Wanderers_logo.png
522,Santos Futebol Clube,Santos FC,Santos_FC,,https://upload.wikimedia.org/wikipedia/commons/thumb/0/0e/Santos_Futebol_Clube_logo_%28with_stars_and_crown%29.png/250px-Santos_Futebol_Clube_logo_%28with_stars_and_crown%29.png
523,Santos Laguna,Santos Laguna,Santos_Laguna,,https://upload.wikimedia.org/wikipedia/en/thumb/9/96/Santos_Laguna_logo.svg/250px-Santos_Laguna_logo.svg.png
524,Sarpsborg 08 FF,Sarpsborg 08 FF,Sarpsborg_08_FF,,https://upload.wikimedia.org/wikipedia/en/thumb/e/e4/Sarpsborg_08_FF_logo.svg/330px-Sarpsborg_08_FF_logo.svg.png
525,Sassuolo,US Sassuolo Calcio,US_Sassuolo_Calcio,,https://upload.wikimedia.org/wikipedia/en/thumb/1/1c/US_Sassuolo_Calcio_logo.svg/250px-US_Sassuolo_Calcio_logo.svg.png
526,Scunthorpe United,Scunthorpe United F.C.,Scunthorpe_United_F.C.,,https://upload.wikimedia.org/wikipedia/en/thumb/b/b3/Scunthorpe_United_FC_crest.svg/250px-Scunthorpe_United_FC_crest.svg.png
527,Seattle Sounders FC,Seattle Sounders FC,Seattle_Sounders_FC,,https://upload.wikimedia.org/wikipedia/en/thumb/8/84/Seattle_Sounders_logo.svg/250px-Seattle_Sounders_logo.svg.png
528,Sevilla Atlético,Sevilla Atlético,Sevilla_Atlético,,https://upload.wikimedia.org/wikipedia/en/thumb/e/e3/Sevilla_Atletico.png/250px-Sevilla_Atletico.png
529,Sevilla FC,Sevilla FC,Sevilla_FC,,https://upload.wikimedia.org/wikipedia/en/thumb/3/3b/Sevilla_FC_logo.svg/250px-Sevilla_FC_logo.svg.png
530,Shakhtar Donetsk,FC Shakhtar Donetsk,FC_Shakhtar_Donetsk,,https://upload.wikimedia.org/wikipedia/en/thumb/a/a1/FC_Shakhtar_Donetsk.svg/250px-FC_Shakhtar_Donetsk.svg.png
531,Shamrock Rovers,Shamrock Rovers F.C.,Shamrock_Rovers_F.C.,,https://upload.wikimedia.org/wikipedia/en/thumb/6/63/Shamrock_Rovers_F.C._crest.svg/250px-Shamrock_Rovers_F.C._crest.svg.png
532,Sheffield United,Sheffield United F.C.,Sheffield_United_F.C.,,https://upload.wikimedia.org/wikipedia/en/thumb/9/9c/Sheffield_United_FC_logo.svg/250px-Sheffield_United_FC_logo.svg.png
533,Sheffield Wednesday,Sheffield Wednesday F.C.,Sheffield_Wednesday_F.C.,,https://upload.wikimedia.org/wikipedia/en/thumb/b/b8/Sheffield_Wednesday_FC_2026_crest.svg/250px-Sheffield_Wednesday_FC_2026_crest.svg.png
534,Shimizu S-Pulse,Shimizu S-Pulse,Shimizu_S-Pulse,,https://upload.wikimedia.org/wikipedia/en/thumb/6/60/Shimizu_S-Pulse_logo.svg/250px-Shimizu_S-Pulse_logo.svg.png
535,Shrewsbury,Shrewsbury Town F.C.,Shrewsbury_Town_F.C.,,https://upload.wikimedia.org/wikipedia/en/thumb/1/1b/Shrewsbury_Town_F.C._logo.svg/250px-Shrewsbury_Town_F.C._logo.svg.png
536,Silkeborg IF,Silkeborg IF,Silkeborg_IF,,https://upload.wikimedia.org/wikipedia/en/thumb/0/05/Silkeborg_IF_logo.svg/250px-Silkeborg_IF_logo.svg.png
537,Sint-Truidense VV,Sint-Truidense VV,Sint-Truidense_VV,,https://upload.wikimedia.org/wikipedia/en/thumb/f/f1/K._Sint-Truidense_V.V._logo.png/250px-K._Sint-Truidense_V.V._logo.png
538,Sligo Rovers,Sligo Rovers F.C.,Sligo_Rovers_F.C.,,https://upload.wikimedia.org/wikipedia/en/thumb/d/d7/Sligo_Rovers_F.C._crest.svg/250px-Sligo_Rovers_F.C._crest.svg.png
539,Sociedade Esportiva Palmeiras,SE Palmeiras,SE_Palmeiras,,https://upload.wikimedia.org/wikipedia/commons/thumb/6/60/SE_Palmeiras_2025_crest.png/250px-SE_Palmeiras_2025_crest.png
540,Sogndal,Sogndal Fotball,Sogndal_Fotball,,https://upload.wikimedia.org/wikipedia/en/thumb/0/0f/Sogndal_IL_logo.svg/250px-Sogndal_IL_logo.svg.png
541,Southampton,Southampton F.C.,Southampton_F.C.,,https://upload.wikimedia.org/wikipedia/en/thumb/c/c9/FC_Southampton.svg/250px-FC_Southampton.svg.png
542,Southend United,Southend United F.C.,Southend_United_F.C.,,https://upload.wikimedia.org/wikipedia/en/thumb/7/79/Southend_United.svg/250px-Southend_United.svg.png
543,SpVgg Greuther Fürth,SpVgg Greuther Fürth II,SpVgg_Greuther_Fürth_II,,https://upload.wikimedia.org/wikipedia/en/thumb/f/f2/SpVgg_Greuther_F%C3%BCrth_logo_%282017%29.svg/250px-SpVgg_Greuther_F%C3%BCrth_logo_%282017%29.svg.png
544,SpVgg Unterhaching,SpVgg Unterhaching,SpVgg_Unterhaching,,https://upload.wikimedia.org/wikipedia/en/thumb/c/c9/SpVgg_Unterhaching_logo.svg/250px-SpVgg_Unterhaching_logo.svg.png
545,Sparta Praha,AC Sparta Prague,AC_Sparta_Prague,,https://upload.wikimedia.org/wikipedia/commons/thumb/d/dd/AC-Sparta-LOGO2021.svg/250px-AC-Sparta-LOGO2021.svg.png
546,Sparta Rotterdam,Sparta Rotterdam,Sparta_Rotterdam,,https://upload.wikimedia.org/wikipedia/en/thumb/9/9f/Sparta_Rotterdam_logo.svg/250px-Sparta_Rotterdam_logo.svg.png
547,Spartak Moscow,FC Spartak Moscow,FC_Spartak_Moscow,,https://upload.wikimedia.org/wikipedia/en/thumb/9/93/FC_Spartak_Moscow_crest.svg/250px-FC_Spartak_Moscow_crest.svg.png
548,Sport Club do Recife,Sport Club do Recife,Sport_Club_do_Recife,,https://upload.wikimedia.org/wikipedia/en/thumb/4/45/Sport_Club_Recife.svg/250px-Sport_Club_Recife.svg.png
549,Sportfreunde Lotte,Sportfreunde Lotte,Sportfreunde_Lotte,,https://upload.wikimedia.org/wikipedia/commons/thumb/6/6f/Logo_SF_Lotte.svg/250px-Logo_SF_Lotte.svg.png
550,Sporting CP,Sporting CP,Sporting_CP,,https://upload.wikimedia.org/wikipedia/commons/thumb/e/e7/Sporting_Clube_de_Portugal_2026.svg/250px-Sporting_Clube_de_Portugal_2026.svg.png
551,Sporting Charleroi,Royal Charleroi SC,Royal_Charleroi_SC,,https://upload.wikimedia.org/wikipedia/en/thumb/e/e1/Royal_Charleroi_Sporting_Club_logo.svg/250px-Royal_Charleroi_Sporting_Club_logo.svg.png
552,Sporting Kansas City,Sporting Kansas City,Sporting_Kansas_City,,https://upload.wikimedia.org/wikipedia/commons/thumb/0/09/Sporting_Kansas_City_logo.svg/250px-Sporting_Kansas_City_logo.svg.png
553,Sporting Lokeren,KSC Lokeren (2025),KSC_Lokeren_(2025),,https://upload.wikimedia.org/wikipedia/en/thumb/c/c9/K.S.C._Lokeren_Oost-Vlaanderen_logo.svg/250px-K.S.C._Lokeren_Oost-Vlaanderen_logo.svg.png
554,St. Johnstone FC,St Johnstone F.C.,St_Johnstone_F.C.,,https://upload.wikimedia.org/wikipedia/en/thumb/4/40/St_Johnstone_FC_crest.svg/250px-St_Johnstone_FC_crest.svg.png
555,St. Patrick's Athletic,St Patrick's Athletic F.C.,St_Patrick's_Athletic_F.C.,,https://upload.wikimedia.org/wikipedia/en/thumb/b/b6/St._Patrick%27s_Athletic_F.C._crest.svg/250px-St._Patrick%27s_Athletic_F.C._crest.svg.png
556,Stabæk Fotball,Stabæk Fotball,Stabæk_Fotball,,https://upload.wikimedia.org/wikipedia/en/thumb/7/71/Stabaek_IF_logo.svg/250px-Stabaek_IF_logo.svg.png
557,Stade Brestois 29,Stade Brestois 29,Stade_Brestois_29,,https://upload.wikimedia.org/wikipedia/en/thumb/0/05/Stade_Brestois_29_logo.svg/250px-Stade_Brestois_29_logo.svg.png
558,Stade Rennais FC,Stade Rennais FC,Stade_Rennais_FC,,https://upload.wikimedia.org/wikipedia/en/thumb/9/9e/Stade_Rennais_FC.svg/250px-Stade_Rennais_FC.svg.png
559,Stade de Reims,Stade de Reims,Stade_de_Reims,,https://upload.wikimedia.org/wikipedia/commons/thumb/1/19/Stade_de_Reims_logo.svg/250px-Stade_de_Reims_logo.svg.png
560,Standard de Liège,Standard Liège,Standard_Liège,,https://upload.wikimedia.org/wikipedia/en/thumb/7/7e/Standard_Li%C3%A8ge_logo.svg/250px-Standard_Li%C3%A8ge_logo.svg.png
561,Stevenage,Stevenage F.C.,Stevenage_F.C.,,https://upload.wikimedia.org/wikipedia/en/thumb/4/49/Stevenage_FC_crest.svg/250px-Stevenage_FC_crest.svg.png
562,Stoke City,Stoke City F.C.,Stoke_City_F.C.,,https://upload.wikimedia.org/wikipedia/en/thumb/b/bf/Stoke_City_FC_crest_2026.svg/250px-Stoke_City_FC_crest_2026.svg.png
563,Strømsgodset IF,Strømsgodset Toppfotball,Strømsgodset_Toppfotball,,https://upload.wikimedia.org/wikipedia/en/thumb/3/30/Str%C3%B8msgodset_IF_logo.svg/250px-Str%C3%B8msgodset_IF_logo.svg.png
564,Sunderland,Sunderland A.F.C.,Sunderland_A.F.C.,,https://upload.wikimedia.org/wikipedia/en/thumb/7/77/Logo_Sunderland.svg/330px-Logo_Sunderland.svg.png
565,Suwon Samsung Bluewings,Suwon Samsung Bluewings,Suwon_Samsung_Bluewings,,https://upload.wikimedia.org/wikipedia/en/thumb/7/7b/Suwon_Samsung_Bluewings.svg/250px-Suwon_Samsung_Bluewings.svg.png
566,Swansea City,Swansea City A.F.C.,Swansea_City_A.F.C.,,https://upload.wikimedia.org/wikipedia/en/thumb/f/f9/Swansea_City_AFC_logo.svg/250px-Swansea_City_AFC_logo.svg.png
567,Swindon Town,Swindon Town F.C.,Swindon_Town_F.C.,,https://upload.wikimedia.org/wikipedia/en/thumb/a/a3/Swindon_Town_FC.svg/250px-Swindon_Town_FC.svg.png
568,Sydney FC,Sydney FC,Sydney_FC,,https://upload.wikimedia.org/wikipedia/en/thumb/e/e0/Sydney_FC_Logo.svg/250px-Sydney_FC_Logo.svg.png
569,São Paulo Futebol Clube,Mirassol Futebol Clube,Mirassol_Futebol_Clube,,https://upload.wikimedia.org/wikipedia/commons/thumb/5/5b/Mirassol_FC_logo.png/250px-Mirassol_FC_logo.png
570,SønderjyskE,Sønderjyske Fodbold,Sønderjyske_Fodbold,,https://upload.wikimedia.org/wikipedia/en/thumb/e/e9/SonderjyskE_logo.svg/500px-SonderjyskE_logo.svg.png
571,TSG 1899 Hoffenheim,TSG 1899 Hoffenheim (women),TSG_1899_Hoffenheim_(women),,https://upload.wikimedia.org/wikipedia/commons/thumb/e/e7/Logo_TSG_Hoffenheim.svg/250px-Logo_TSG_Hoffenheim.svg.png
572,Talleres de Cordoba,Talleres de Córdoba,Talleres_de_Córdoba,,https://upload.wikimedia.org/wikipedia/commons/thumb/9/9b/Escudo_Talleres_2015.svg/250px-Escudo_Talleres_2015.svg.png
573,Temperley,Club Atlético Temperley,Club_Atlético_Temperley,,https://upload.wikimedia.org/wikipedia/commons/thumb/e/e9/Club-Atl%C3%A9tico-Temperley.png/120px-Club-Atl%C3%A9tico-Temperley.png
574,Terek Grozny,FC Akhmat Grozny,FC_Akhmat_Grozny,,https://upload.wikimedia.org/wikipedia/en/3/36/Akhmat_Grozny_logo.png
575,Termalica Bruk-Bet Nieciecza,Bruk-Bet Termalica Nieciecza,Bruk-Bet_Termalica_Nieciecza,,https://upload.wikimedia.org/wikipedia/en/thumb/a/a0/Bruk-Bet_Termalica_Nieciecza_crest.svg/250px-Bruk-Bet_Termalica_Nieciecza_crest.svg.png
576,Ternana,Ternana Calcio,Ternana_Calcio,,https://upload.wikimedia.org/wikipedia/en/thumb/e/ee/Ternana_Calcio_crest.svg/250px-Ternana_Calcio_crest.svg.png
577,Tiburones Rojos de Veracruz,C.D. Veracruz,C.D._Veracruz,,https://upload.wikimedia.org/wikipedia/en/thumb/e/eb/CD_Veracruz_logo.svg/250px-CD_Veracruz_logo.svg.png
578,Tigres FC,Tigres UANL,Tigres_UANL,,https://upload.wikimedia.org/wikipedia/en/thumb/8/82/Tigres_UANL_logo_%28crest%29.svg/250px-Tigres_UANL_logo_%28crest%29.svg.png
579,Tigres U.A.N.L.,Tigres UANL,Tigres_UANL,,https://upload.wikimedia.org/wikipedia/en/thumb/8/82/Tigres_UANL_logo_%28crest%29.svg/250px-Tigres_UANL_logo_%28crest%29.svg.png
580,Tondela,C.D. Tondela,C.D._Tondela,,https://upload.wikimedia.org/wikipedia/en/thumb/0/00/C.D._Tondela.png/250px-C.D._Tondela.png
581,Torino,Torino FC,Torino_FC,,https://upload.wikimedia.org/wikipedia/en/thumb/2/2e/Torino_FC_Logo.svg/250px-Torino_FC_Logo.svg.png
582,Toronto FC,Inter Toronto FC,Inter_Toronto_FC,,https://upload.wikimedia.org/wikipedia/en/thumb/7/79/Inter_Toronto_FC.png/250px-Inter_Toronto_FC.png
583,Tottenham Hotspur,Tottenham Hotspur F.C.,Tottenham_Hotspur_F.C.,,https://upload.wikimedia.org/wikipedia/en/thumb/b/b4/Tottenham_Hotspur.svg/250px-Tottenham_Hotspur.svg.png
584,Toulouse FC,Toulouse FC,Toulouse_FC,,https://upload.wikimedia.org/wikipedia/en/thumb/6/63/Toulouse_FC_2018_logo.svg/250px-Toulouse_FC_2018_logo.svg.png
585,Tours FC,Tours FC,Tours_FC,,https://upload.wikimedia.org/wikipedia/en/thumb/b/b5/Tours_FC_logo.svg/250px-Tours_FC_logo.svg.png
586,Trabzonspor,Trabzonspor,Trabzonspor,,https://upload.wikimedia.org/wikipedia/en/thumb/d/de/Trabzonspor_Amblem.svg/250px-Trabzonspor_Amblem.svg.png
587,Tromsø IL,Tromsø IL,Tromsø_IL,,https://upload.wikimedia.org/wikipedia/en/thumb/5/57/Troms%C3%B8_IL_logo.svg/250px-Troms%C3%B8_IL_logo.svg.png
588,U.N.A.M.,Pumas UNAM,Pumas_UNAM,,https://upload.wikimedia.org/wikipedia/en/thumb/b/b7/Club_Universidad_Nacional_logo.svg/250px-Club_Universidad_Nacional_logo.svg.png
589,UD Almería,UD Almería,UD_Almería,,https://upload.wikimedia.org/wikipedia/en/thumb/4/4a/UD_Almeria_logo.svg/250px-UD_Almeria_logo.svg.png
590,UD Las Palmas,UD Las Palmas,UD_Las_Palmas,,https://upload.wikimedia.org/wikipedia/en/thumb/2/20/UD_Las_Palmas_logo.svg/250px-UD_Las_Palmas_logo.svg.png
591,US Orléans Loiret Football,US Orléans,US_Orléans,,https://upload.wikimedia.org/wikipedia/en/thumb/7/75/US_Orl%C3%A9ans_logo.svg/250px-US_Orl%C3%A9ans_logo.svg.png
592,US Quevilly-Rouen,US Quevilly-Rouen Métropole,US_Quevilly-Rouen_Métropole,,https://upload.wikimedia.org/wikipedia/en/thumb/3/39/US_Quevilly-Rouen_M%C3%A9tropole_logo.svg/250px-US_Quevilly-Rouen_M%C3%A9tropole_logo.svg.png
593,Udinese,Udinese Calcio,Udinese_Calcio,,https://upload.wikimedia.org/wikipedia/en/thumb/c/ce/Udinese_Calcio_logo.svg/250px-Udinese_Calcio_logo.svg.png
594,Ulsan Hyundai Horang-i,Ulsan HD FC,Ulsan_HD_FC,,https://upload.wikimedia.org/wikipedia/en/thumb/b/b5/Ulsan_Hyundai_FC.svg/250px-Ulsan_Hyundai_FC.svg.png
595,Universidad Católica,Club Deportivo Universidad Católica,Club_Deportivo_Universidad_Católica,,https://upload.wikimedia.org/wikipedia/commons/thumb/c/ca/Escudo_Club_Deportivo_Universidad_Cat%C3%B3lica.svg/250px-Escudo_Club_Deportivo_Universidad_Cat%C3%B3lica.svg.png
596,Universidad de Chile,Club Universidad de Chile,Club_Universidad_de_Chile,,https://upload.wikimedia.org/wikipedia/commons/thumb/2/2d/Emblema_del_Club_Universidad_de_Chile.png/250px-Emblema_del_Club_Universidad_de_Chile.png
597,Unión Española,Unión Española,Unión_Española,,https://upload.wikimedia.org/wikipedia/en/thumb/9/93/Uni%C3%B3n_Espa%C3%B1ola_logo.png/250px-Uni%C3%B3n_Espa%C3%B1ola_logo.png
598,Unión de Santa Fe,Unión de Santa Fe,Unión_de_Santa_Fe,,https://upload.wikimedia.org/wikipedia/commons/thumb/7/7c/Escudo_club_Atl%C3%A9tico_Uni%C3%B3n_de_santa_fe.svg/250px-Escudo_club_Atl%C3%A9tico_Uni%C3%B3n_de_santa_fe.svg.png
599,Unknown,Grasshopper Club Zurich,Grasshopper_Club_Zurich,,https://upload.wikimedia.org/wikipedia/commons/thumb/f/ff/GC_Z%C3%BCrich_Logo.svg/250px-GC_Z%C3%BCrich_Logo.svg.png
600,Urawa Red Diamonds,Urawa Red Diamonds,Urawa_Red_Diamonds,,https://upload.wikimedia.org/wikipedia/en/thumb/a/ae/Urawa_Red_Diamonds_logo.svg/250px-Urawa_Red_Diamonds_logo.svg.png
601,VVV-Venlo,VVV-Venlo,VVV-Venlo,,https://upload.wikimedia.org/wikipedia/commons/thumb/9/9c/VVV_Venlo.svg/250px-VVV_Venlo.svg.png
602,Valencia CF,Valencia CF,Valencia_CF,,https://upload.wikimedia.org/wikipedia/en/thumb/c/ce/Valenciacf.svg/250px-Valenciacf.svg.png
603,Valenciennes FC,Valenciennes FC,Valenciennes_FC,,https://upload.wikimedia.org/wikipedia/en/thumb/8/8c/Valenciennes_FC.svg/250px-Valenciennes_FC.svg.png
604,Vancouver Whitecaps FC,Vancouver Whitecaps FC,Vancouver_Whitecaps_FC,,https://upload.wikimedia.org/wikipedia/commons/thumb/7/7c/Vancouver_Whitecaps_logo.svg/500px-Vancouver_Whitecaps_logo.svg.png
605,Vegalta Sendai,Vegalta Sendai,Vegalta_Sendai,,https://upload.wikimedia.org/wikipedia/en/thumb/4/43/Vegalta_Sendai_logo.svg/250px-Vegalta_Sendai_logo.svg.png
606,Ventforet Kofu,Ventforet Kofu,Ventforet_Kofu,,https://upload.wikimedia.org/wikipedia/en/thumb/f/ff/Ventforet_Kofu_logo.svg/250px-Ventforet_Kofu_logo.svg.png
607,Vercelli,FC Pro Vercelli 1892,FC_Pro_Vercelli_1892,,https://upload.wikimedia.org/wikipedia/en/thumb/0/04/FC_Pro_Vercelli_1892_crest.svg/250px-FC_Pro_Vercelli_1892_crest.svg.png
608,VfB Stuttgart,VfB Stuttgart II,VfB_Stuttgart_II,,https://upload.wikimedia.org/wikipedia/commons/thumb/e/eb/VfB_Stuttgart_1893_Logo.svg/250px-VfB_Stuttgart_1893_Logo.svg.png
609,VfL Bochum,VfL Bochum,VfL_Bochum,,https://upload.wikimedia.org/wikipedia/commons/thumb/7/72/VfL_Bochum_logo.svg/250px-VfL_Bochum_logo.svg.png
610,VfL Osnabrück,VfL Osnabrück,VfL_Osnabrück,,https://upload.wikimedia.org/wikipedia/commons/thumb/4/4e/VfL_Osnabrueck_Logo_2021%E2%80%93.svg/250px-VfL_Osnabrueck_Logo_2021%E2%80%93.svg.png
611,VfL Wolfsburg,VfL Wolfsburg,VfL_Wolfsburg,,https://upload.wikimedia.org/wikipedia/commons/thumb/c/c5/VfL_Wolfsburg_logo_2026.svg/250px-VfL_Wolfsburg_logo_2026.svg.png
612,VfR Aalen,VfR Aalen,VfR_Aalen,,https://upload.wikimedia.org/wikipedia/commons/thumb/2/2f/VfR_Aalen_Wappen.svg/250px-VfR_Aalen_Wappen.svg.png
613,Viking FK,Viking FK,Viking_FK,,https://upload.wikimedia.org/wikipedia/en/thumb/1/13/Viking_FK_logo_2020.svg/250px-Viking_FK_logo_2020.svg.png
614,Villarreal CF,Villarreal CF,Villarreal_CF,,https://upload.wikimedia.org/wikipedia/en/thumb/b/b9/Villarreal_CF_logo-en.svg/250px-Villarreal_CF_logo-en.svg.png
615,Virtus Entella,Virtus Entella,Virtus_Entella,,https://upload.wikimedia.org/wikipedia/en/thumb/a/a8/Virtus_Entella_logo.svg/250px-Virtus_Entella_logo.svg.png
616,Vissel Kobe,Vissel Kobe,Vissel_Kobe,,https://upload.wikimedia.org/wikipedia/commons/thumb/8/8a/Vissel_Kobe_logo.svg/250px-Vissel_Kobe_logo.svg.png
617,Vitesse,SBV Vitesse,SBV_Vitesse,,https://upload.wikimedia.org/wikipedia/en/thumb/c/c8/SBV_Vitesse_logo.svg/250px-SBV_Vitesse_logo.svg.png
618,Vitória ,Vitória S.C.,Vitória_S.C.,,https://upload.wikimedia.org/wikipedia/en/thumb/d/d5/Vit%C3%B3ria_Guimar%C3%A3es.svg/250px-Vit%C3%B3ria_Guimar%C3%A3es.svg.png
619,Vitória Guimarães,Vitória S.C.,Vitória_S.C.,,https://upload.wikimedia.org/wikipedia/en/thumb/d/d5/Vit%C3%B3ria_Guimar%C3%A3es.svg/250px-Vit%C3%B3ria_Guimar%C3%A3es.svg.png
620,Vitória Setúbal,Vitória F.C.,Vitória_F.C.,,https://upload.wikimedia.org/wikipedia/en/thumb/0/0b/Vit%C3%B3ria_F.C._logo.svg/250px-Vit%C3%B3ria_F.C._logo.svg.png
621,Vålerenga Fotball,Vålerenga Fotball,Vålerenga_Fotball,,https://upload.wikimedia.org/wikipedia/commons/thumb/7/7d/V%C3%A5lerenga_Oslo_logo.svg/250px-V%C3%A5lerenga_Oslo_logo.svg.png
622,Vélez Sarsfield,Club Atlético Vélez Sarsfield,Club_Atlético_Vélez_Sarsfield,,https://upload.wikimedia.org/wikipedia/commons/thumb/2/21/Escudo_del_Club_Atl%C3%A9tico_V%C3%A9lez_Sarsfield.svg/250px-Escudo_del_Club_Atl%C3%A9tico_V%C3%A9lez_Sarsfield.svg.png
623,Waasland-Beveren,SK Beveren,SK_Beveren,,https://upload.wikimedia.org/wikipedia/en/thumb/9/9b/SK_Beveren_logo.svg/250px-SK_Beveren_logo.svg.png
624,Walsall,Walsall F.C.,Walsall_F.C.,,https://upload.wikimedia.org/wikipedia/en/thumb/e/ef/Walsall_FC.svg/250px-Walsall_FC.svg.png
625,Watford,Watford F.C.,Watford_F.C.,,https://upload.wikimedia.org/wikipedia/en/thumb/e/e2/Watford.svg/250px-Watford.svg.png
626,Wellington Phoenix,Wellington Phoenix FC,Wellington_Phoenix_FC,,https://upload.wikimedia.org/wikipedia/en/thumb/d/de/Wellington_Phoenix_FC_logo.svg/250px-Wellington_Phoenix_FC_logo.svg.png
627,Werder Bremen II,SV Werder Bremen (women),SV_Werder_Bremen_(women),,https://upload.wikimedia.org/wikipedia/commons/thumb/b/be/SV-Werder-Bremen-Logo.svg/250px-SV-Werder-Bremen-Logo.svg.png
628,West Bromwich Albion,West Bromwich Albion F.C.,West_Bromwich_Albion_F.C.,,https://upload.wikimedia.org/wikipedia/en/thumb/8/8b/West_Bromwich_Albion.svg/250px-West_Bromwich_Albion.svg.png
629,West Ham United,West Ham United F.C.,West_Ham_United_F.C.,,https://upload.wikimedia.org/wikipedia/en/thumb/c/c2/West_Ham_United_FC_logo.svg/250px-West_Ham_United_FC_logo.svg.png
630,Western Sydney Wanderers,Western Sydney Wanderers FC,Western_Sydney_Wanderers_FC,,https://upload.wikimedia.org/wikipedia/commons/thumb/d/db/Western_Sydney_Wanderers_FC.svg/250px-Western_Sydney_Wanderers_FC.svg.png
631,Wigan Athletic,Wigan Athletic F.C.,Wigan_Athletic_F.C.,,https://upload.wikimedia.org/wikipedia/en/thumb/4/43/Wigan_Athletic.svg/250px-Wigan_Athletic.svg.png
632,Willem II,Willem II Tilburg,Willem_II_Tilburg,,https://upload.wikimedia.org/wikipedia/en/thumb/7/77/Willem_II_logo.svg/250px-Willem_II_logo.svg.png
633,Wisła Kraków,Wisła Kraków,Wisła_Kraków,,https://upload.wikimedia.org/wikipedia/en/thumb/1/15/Wis%C5%82a_Krak%C3%B3w_logo.svg/250px-Wis%C5%82a_Krak%C3%B3w_logo.svg.png
634,Wisła Płock,Wisła Płock,Wisła_Płock,,https://upload.wikimedia.org/wikipedia/commons/thumb/0/0e/Wisla_P%C5%82ock.png/250px-Wisla_P%C5%82ock.png
635,Wolfsberger AC,Wolfsberger AC,Wolfsberger_AC,,https://upload.wikimedia.org/wikipedia/en/thumb/c/cd/Wolfsberger_AC_logo.svg/250px-Wolfsberger_AC_logo.svg.png
636,Wolverhampton Wanderers,Wolverhampton Wanderers F.C.,Wolverhampton_Wanderers_F.C.,,https://upload.wikimedia.org/wikipedia/en/thumb/c/c9/Wolverhampton_Wanderers_FC_crest.svg/250px-Wolverhampton_Wanderers_FC_crest.svg.png
637,Wycombe Wanderers,Wycombe Wanderers F.C.,Wycombe_Wanderers_F.C.,,https://upload.wikimedia.org/wikipedia/en/thumb/f/fb/Wycombe_Wanderers_FC_logo.svg/250px-Wycombe_Wanderers_FC_logo.svg.png
638,Würzburger FV,Würzburger FV,Würzburger_FV,,https://upload.wikimedia.org/wikipedia/commons/thumb/9/93/Logo_WFV04.png/250px-Logo_WFV04.png
639,Yeovil Town,Yeovil Town F.C.,Yeovil_Town_F.C.,,https://upload.wikimedia.org/wikipedia/en/thumb/5/5c/Yeovil_Town_FC_crest.svg/250px-Yeovil_Town_FC_crest.svg.png
640,Yokohama F. Marinos,Yokohama F. Marinos,Yokohama_F._Marinos,,https://upload.wikimedia.org/wikipedia/en/thumb/6/65/Yokohama_F_Marinos_logo.svg/250px-Yokohama_F_Marinos_logo.svg.png
641,Zagłębie Lubin,Zagłębie Lubin,Zagłębie_Lubin,,https://upload.wikimedia.org/wikipedia/en/thumb/2/20/Zag%C5%82%C4%99bie_Lubin_crest.svg/250px-Zag%C5%82%C4%99bie_Lubin_crest.svg.png
642,Zenit St. Petersburg,FC Zenit Saint Petersburg,FC_Zenit_Saint_Petersburg,,https://upload.wikimedia.org/wikipedia/en/thumb/e/eb/FC_Zenit_Saint_Petersburg_crest.svg/250px-FC_Zenit_Saint_Petersburg_crest.svg.png
643,Águilas Doradas,Águilas Doradas,Águilas_Doradas,,https://upload.wikimedia.org/wikipedia/en/thumb/a/aa/LogoAguilasPereira.png/250px-LogoAguilasPereira.png
644,Örebro SK,Örebro SK,Örebro_SK,,https://upload.wikimedia.org/wikipedia/en/thumb/4/4a/Orebro_SK_logo.svg/250px-Orebro_SK_logo.svg.png
645,Östersunds FK,Östersunds FK,Östersunds_FK,,https://upload.wikimedia.org/wikipedia/en/thumb/b/b5/Ostersunds_FK_logo.svg/250px-Ostersunds_FK_logo.svg.png
646,İstanbul Başakşehir FK,İstanbul Başakşehir F.K.,İstanbul_Başakşehir_F.K.,,https://upload.wikimedia.org/wikipedia/en/thumb/e/e1/%C4%B0stanbul_Ba%C5%9Fak%C5%9Fehir_logo.svg/250px-%C4%B0stanbul_Ba%C5%9Fak%C5%9Fehir_logo.svg.png
647,Śląsk Wrocław,Śląsk Wrocław,Śląsk_Wrocław,,https://upload.wikimedia.org/wikipedia/en/thumb/6/61/%C5%9Al%C4%85sk_Wroc%C5%82aw_anniversary_crest.png/250px-%C5%9Al%C4%85sk_Wroc%C5%82aw_anniversary_crest.png
